"Date","ID","Tweet","Location","lon","lat","tweet_state$state"
"3/7/2019 15:45",1.10368e+18,"b'Check out the March Issue of the International Journal of Infectious Diseases #IJID #openaccess #hepatitis\xe2\x80\xa6 https://t.co/MIcZtAoKNh'","Boston, MA",-71.0588801,42.3600825,"Massachusetts"
"3/7/2019 15:07",1.10367e+18,"b""Mayo Clinic Minute: The Flu Season Is Not Over And It's Not Too Late To Get A Flu Shot #Influenza #FluShot https://t.co/izCBIxKTd6""","Boston, MA, USA",-71.0588801,42.3600825,"Massachusetts"
"3/7/2019 14:40",1.10367e+18,"b'Getting a flu shot while hospitalized lowers the chance of a heart attack https://t.co/vF2bsNC2pu via\xe2\x80\xa6 https://t.co/rn2egfCjFX'","Edmonton, Canada",-113.4909267,53.544389,"Alberta"
"3/7/2019 13:30",1.10365e+18,"b'Did you know that children, pregnant women, adults 65 and older, and people with medical conditions have higher ris\xe2\x80\xa6 https://t.co/gMWgfYCyAR'","Tallahassee, FL",-84.2807329,30.4382559,"Florida"
"3/7/2019 11:39",1.10362e+18,"b'Updated #influenza preprint: Identifying genetic determinants of complex phenotypes from whole genome sequence data https://t.co/WZCgn4XB14'","United States",-95.712891,37.09024,"Kansas"
"3/7/2019 8:31",1.10357e+18,"b'40-year old previously healthy woman intubated in the ICU for 2 weeks with #influenza. Get your fucking #flushot. \xf0\x9f\x92\x89\xf0\x9f\xa4\x97'","Boston, MA",-71.0588801,42.3600825,"Massachusetts"
"3/7/2019 0:45",1.10346e+18,"b'Nipped in the bud: #Sanofi\xe2\x80\x99s #Fluzone High-Dose #influenza #vaccine for people aged 65+ will no longer be funded by\xe2\x80\xa6 https://t.co/yV2gTLPQEh'","Australia",133.775136,-25.274398,"State Not Found"
"3/7/2019 0:16",1.10345e+18,"b'My world has become a tangled mess of cord for the heating pad and electric blanket, and so many tissues.\xe2\x80\xa6 https://t.co/7jXHo6CBH2'","Des Moines, IA",-93.6249593,41.5868353,"Iowa"
"3/7/2019 0:00",1.10345e+18,"b'Study has shown that an effective prevention of #influenza is beneficial to lessen the substantial economic burden\xe2\x80\xa6 https://t.co/Dmh218LGWD'","Victoria, Aus",144.7851531,-37.4713077,"State Not Found"
"3/6/2019 22:24",1.10342e+18,"b'Vaccinations save lives, protect our children, and are one of our greatest public health achievements. We should fe\xe2\x80\xa6 https://t.co/JQSvH2YWnQ'","Atlanta, GA",-84.3879824,33.7489954,"Georgia"
"3/6/2019 21:38",1.10341e+18,"b'Super interesting, I will definitely want to see when the pale rider #influenza hit #Wisconsin https://t.co/Tc6b3xTzZi'","Madison, WI",-89.4012302,43.0730517,"Wisconsin"
"3/6/2019 20:55",1.1034e+18,"b'XOFLUZA goes for its 2nd #influenza indication in as many years. https://t.co/tQKlXXQTbL'","United States",-95.712891,37.09024,"Kansas"
"3/6/2019 19:33",1.10338e+18,"b'The #Influenza virus kills tens of thousands of people per year in the US alone. Researchers are using #AI to bette\xe2\x80\xa6 https://t.co/6FSJpYsLWg'","Connecticut, USA",-73.087749,41.6032207,"Connecticut"
"3/6/2019 18:53",1.10337e+18,"b'Greater access to healthcare at a lower cost \n#Telemedicine #Symptomtosolution #DallasMoms #DocInABox #BehindTheBox\xe2\x80\xa6 https://t.co/s7oQMCJiPK'","Austin, TX",-97.7430608,30.267153,"Texas"
"3/6/2019 18:45",1.10337e+18,"b'After a slow start, the #flu season in #SanDiego is now looking like one of the worst in terms of total cases in th\xe2\x80\xa6 https://t.co/rICUnskbcy'","San Diego, Ca.",-117.1610838,32.715738,"California"
"3/6/2019 18:39",1.10336e+18,"b""The #DefenseDept's fear that forcing active duty #military to get #FLU vaccinations every year results in more\xe2\x80\xa6 https://t.co/YAyJHIMnrw""","Saint Louis",-90.1994042,38.6270025,"Missouri"
"3/6/2019 17:47",1.10335e+18,"b'Did your doctor tell you the #FluShot INCREASES respiratory issues 4.4 times?\n\n#STUDY:  Increased Risk of Noninflue\xe2\x80\xa6 https://t.co/jweYEu8Q9P'","NoVA, USA",-122.788377,45.4604,"Oregon"
"3/6/2019 17:45",1.10335e+18,"b'ICYMI: FDA CLIA-waives BinaxNOW #influenza rapid test \nhttps://t.co/bao9JJ4S9T @AbbottNews #Flu #FluTest'","Thorofare, NJ",-75.1969346,39.8422093,"New Jersey"
"3/6/2019 16:55",1.10334e+18,"b'Our next #globalhealth security seminar is on Fri, March 15 and will feat. Ellie Graeden discussing data visualizat\xe2\x80\xa6 https://t.co/vFHJNz53uj'","Washington DC",-77.0368707,38.9071923,"District of Columbia"
"3/6/2019 16:45",1.10334e+18,"b'@jean_dipple @jo_peasland @BCHCRKIRBY Could someone please share this with me? Really keen to learn from other peop\xe2\x80\xa6 https://t.co/18KFE5DByI'","Dorset",-2.3444786,50.7487635,"England"
"3/6/2019 16:30",1.10333e+18,"b'#WisdomWednesday this week focuses on updated clinical practice guidelines for seasonal #influenza by @IDSAInfo.  D\xe2\x80\xa6 https://t.co/QUV0GeExFd'","Salt Lake City, UT",-111.8910474,40.7607793,"Utah"
"3/6/2019 15:44",1.10332e+18,"b'US military suspects it is seeing reduced #Flu #Vaccine effectiveness because it is a highly vaccinated group and r\xe2\x80\xa6 https://t.co/gUh9QPsa0X'","Saint Louis",-90.1994042,38.6270025,"Missouri"
"3/6/2019 15:39",1.10332e+18,"b'Don\xe2\x80\x99t be fooled by that new #oseltamivir study, says @Runde_MC. #Tamiflu is still pretty worthless for H1N1.\xe2\x80\xa6 https://t.co/ELZvhZlZ01'","New York, NY",-74.0059728,40.7127753,"New York"
"3/6/2019 15:02",1.10331e+18,"b'This article should be referenced regarding the #influenza research debate and in every #biosafety meeting. \nhttps://t.co/1fzQMOhI4e'","Maryland",-76.6412712,39.0457549,"Maryland"
"3/6/2019 15:00",1.10331e+18,"b'How is this year\xe2\x80\x99s #influenza season going? \nhttps://t.co/GQXpGgA22q'","Columbus, OH",-82.9987942,39.9611755,"Ohio"
"3/6/2019 14:56",1.10331e+18,"b'#VRBPAC meeting says  changes in #H3N2 viruses ""EXTRAORDINARY""\nDiscussion calls for changing #Quadravalent formulat\xe2\x80\xa6 https://t.co/maWbaSwE0F'","Saint Louis",-90.1994042,38.6270025,"Missouri"
"3/6/2019 14:08",1.1033e+18,"b'The human antibody response to #influenza A virus infection and vaccination by \xe2\x81\xa6@florian_krammer\xe2\x81\xa9  https://t.co/S6WqqFg8QF'","USA",-95.712891,37.09024,"Kansas"
"3/6/2019 14:01",1.10329e+18,"b""#FDA's #Flu #Vaccine committee is discussing if early #influenza #Vaccination is responsible for 0% effectiveness w\xe2\x80\xa6 https://t.co/T49mL5fLdb""","Saint Louis",-90.1994042,38.6270025,"Missouri"
"3/6/2019 13:31",1.10329e+18,"b""FDA's #Influenza #Vaccine composition meeting for the US 2019-2020 #FLUshot\nis live and can be watched at this link\xe2\x80\xa6 https://t.co/q63Ouk3Yjx""","Saint Louis",-90.1994042,38.6270025,"Missouri"
"3/6/2019 11:47",1.10326e+18,"b'New #influenza preprint: Early Detection of Influenza outbreaks in the United States https://t.co/Qp39zWvLlw'","United States",-95.712891,37.09024,"Kansas"
"3/6/2019 6:02",1.10317e+18,"b'#Breaking: @US_FDA accepted our application for our single-dose, oral medicine for the treatment of #influenza in p\xe2\x80\xa6 https://t.co/LSNLvgkza9'","USA",-95.712891,37.09024,"Kansas"
"3/6/2019 3:10",1.10313e+18,"b'Sigh... it\xe2\x80\x99s exhausting being ill \xf0\x9f\x98\xb7 \xf0\x9f\xa4\x92 \xf0\x9f\xa4\xa7 I am ready for some warm weather and sunshine to heal my body!! #noMakeup\xe2\x80\xa6 https://t.co/iwmdKQRUW4'","Ohio, USA",-82.907123,40.4172871,"Ohio"
"3/6/2019 2:03",1.10311e+18,"b'The boys get a W against mountain pointe 9-5. Trevor Long with his first homer of the season. @enzo_apodaca went 2-\xe2\x80\xa6 https://t.co/YZJftwjvNa'","Scottsdale, AZ",-111.9260519,33.4941704,"Arizona"
"3/6/2019 1:55",1.10311e+18,"b'#Medicine and the #media with Amesh Adalja, MD @AmeshAA #vaccines #antibiotics #Lyme #influenza https://t.co/f0d5vgObom'","Tampa, FL",-82.4571776,27.950575,"Florida"
"3/5/2019 23:38",1.10308e+18,"b'.@NIH we are committed to transparency and safe and secure conduct of research which involved dangerous pathogens;\xe2\x80\xa6 https://t.co/ZuQBCYwpQm'","Bethesda, MD",-77.0947092,38.984652,"Maryland"
"3/5/2019 22:06",1.10305e+18,"b'Currently, #influenza activity remains elevated in the United States, with 49 states reporting widespread activity.\xe2\x80\xa6 https://t.co/ouCDznprxK'","Cambridge, MA",-71.1097335,42.3736158,"Massachusetts"
"3/5/2019 21:45",1.10305e+18,"b'#Influenza immunization is safe for #pregnant and #breastfeeding women. Protect yourself and your baby.\xe2\x80\xa6 https://t.co/5GwmDBBK1T'","Northern Alberta",-113.315785,53.576671,"Alberta"
"3/5/2019 20:30",1.10303e+18,"b'#Flu is widespread across the United States. These simple actions can help prevent the spread of #influenza germs a\xe2\x80\xa6 https://t.co/ucoC32SZ1d'","Olathe, KS",-94.8191285,38.8813958,"Kansas"
"3/5/2019 19:50",1.10302e+18,"b""#GeorgiaState researcher Dr. Baozhong Wang is fighting #influenza #TheStateWay. He's received a $3.86 million feder\xe2\x80\xa6 https://t.co/wvSLmu19RJ""","Atlanta GA",-84.3879824,33.7489954,"Georgia"
"3/5/2019 19:40",1.10302e+18,"b'Seasonal #influenza activity still remains elevated in the United States  \nDetails:   https://t.co/NCeAjZUm1E'","Chicago, IL",-87.6297982,41.8781136,"Illinois"
"3/5/2019 18:17",1.103e+18,"b'ICYMI A #LearningHealthSystem project finds @kpwashington  members who could benefit most from #fluvaccines. Paula\xe2\x80\xa6 https://t.co/jKoFTAjKZ8'","Seattle, WA",-122.3320708,47.6062095,"Washington"
"3/5/2019 18:00",1.10299e+18,"b'The #CDC Flu map for week 8 - ending February 23 - shows only Hawaii and Washington, D.C. without widespread influe\xe2\x80\xa6 https://t.co/SUrSb8PzFE'","Minnesota",-94.6858998,46.729553,"State Not Found"
"3/5/2019 18:00",1.10299e+18,"b'The latest @CDCgov report shows widespread #Influenza activity continues. Be sure to protect yourself and those aro\xe2\x80\xa6 https://t.co/sMpecwzzy9'","Bowling Green, OH",-83.6513229,41.3747744,"Ohio"
"3/5/2019 17:00",1.10298e+18,"b'Watch now as Dr. Jeremy Brown of @NIH discusses the history of the #flu virus, the Great Flu of 1918, and our prepa\xe2\x80\xa6 https://t.co/f5zbiCzqsF'","Washington, D.C.",-77.0368707,38.9071923,"District of Columbia"
"3/5/2019 16:55",1.10298e+18,"b""Attend the #FDA's 2018-2019 #Flu #vaccine selection #WEBEX Wednesday at\nhttps://t.co/Y0IMLMLypl\n\nIf you want to und\xe2\x80\xa6 https://t.co/olU0PtwNYl""","Saint Louis",-90.1994042,38.6270025,"Missouri"
"3/5/2019 16:54",1.10298e+18,"b""That's that for @GOPHELP #vaccines hearing for today. \nMost interesting was @BillCassidy's push-back against\xe2\x80\xa6 https://t.co/35NX3vq10C""","Washington",-120.7401385,47.7510741,"Washington"
"3/5/2019 16:45",1.10297e+18,"b'Top 10 threats to global health in 2019 https://t.co/CEgkRL5r4D via @bsindia from @WHO #pandemic #influenza\xe2\x80\xa6 https://t.co/qZSnzRiYOZ'","Phoenix, Arizona",-112.0740373,33.4483771,"Arizona"
"3/5/2019 16:40",1.10297e+18,"b'.@pedschief urges doctors to listen, understand, respect concerns, &amp; individualize education to respond to vaccine-\xe2\x80\xa6 https://t.co/ntt8rgFoAa'","Washington",-120.7401385,47.7510741,"Washington"
"3/5/2019 16:38",1.10297e+18,"b'.@SenatorHassan: Only about half women receive #flu vaccine during pregnancy. Why? \n.@SaadOmer3: There\'s a huge ""fe\xe2\x80\xa6 https://t.co/yMfoBUBtvK'","Washington",-120.7401385,47.7510741,"Washington"
"3/5/2019 16:35",1.10297e+18,"b'#Vaccination does not guarantee immunity. Many do not respond to their vaccines and immunity wanes within 2-15 year\xe2\x80\xa6 https://t.co/o1Gbk8DWvn'","South Carolina, USA",-81.1637245,33.836081,"South Carolina"
"3/5/2019 16:30",1.10297e+18,"b""Now @BillCassidy. Discusses the importance of the #influenza vaccine even if it's not 100% perfect, and notes that\xe2\x80\xa6 https://t.co/fniQQi6T46""","Kent, Ohio",-81.3578859,41.1536674,"Ohio"
"3/5/2019 16:27",1.10297e+18,"b'Our collaborator @SaadOmer3 ""hitting the nail on the head"" with a discussion of the humongous evidence base on vacc\xe2\x80\xa6 https://t.co/brDARBetRQ'","Washington, DC",-77.0368707,38.9071923,"District of Columbia"
"3/5/2019 16:25",1.10297e+18,"b'.@SaadOmer3: We need a stable supply of vaccines.\n\n#vaccines #pharma #biotech #measles #flu #influenza'","Washington",-120.7401385,47.7510741,"Washington"
"3/5/2019 16:25",1.10297e+18,"b'.@WaHealthSec John Wiesman: We need to keep investing in vaccine research &amp; new technologies. Eggs-based for #flu t\xe2\x80\xa6 https://t.co/Sjrpnwdc5O'","Washington",-120.7401385,47.7510741,"Washington"
"3/5/2019 16:22",1.10297e+18,"b'.@SaadOmer3 notes elderly among the most vulnerable when it comes to #flu.\n\n#influenza #vaccines #measles #pharma'","Washington",-120.7401385,47.7510741,"Washington"
"3/5/2019 16:21",1.10297e+18,"b'.@SenPatRoberts relates story of healthy seniors who died b/c they failed to get the #flu vaccine.\nSays ""I don\'t ge\xe2\x80\xa6 https://t.co/37oPpP58yL'","Washington",-120.7401385,47.7510741,"Washington"
"3/5/2019 16:19",1.10297e+18,"b'@SenPatRoberts asks about seniors and #vaccination, especially regarding #influenza.'","Kent, Ohio",-81.3578859,41.1536674,"Ohio"
"3/5/2019 16:19",1.10297e+18,"b'.@SenPatRoberts: We have plenty of octogenarians in the Senate \xe2\x80\xa6 \n\n#vaccines #measles #flu #influenza'","Washington",-120.7401385,47.7510741,"Washington"
"3/5/2019 16:15",1.10297e+18,"b'#TeamScience Tuesday highlights a key 3i lead collaborator: Dr. Andrew Pavia (@AndrewPaviaMD). Among his many colla\xe2\x80\xa6 https://t.co/39CwSGMxba'","Salt Lake City, UT",-111.8910474,40.7607793,"Utah"
"3/5/2019 15:01",1.10295e+18,"b'Influenza viruses are constantly changing, so rapid diagnosis is essential!\n\nKnow more about the product by checkin\xe2\x80\xa6 https://t.co/A2Jz3L9O89'","Irvington, NJ",-74.2286435,40.7263249,"New Jersey"
"3/5/2019 14:50",1.10294e+18,"b'BBC piece about employees coming to work when sick (&amp; endangering others in the workplace) cites AJPH study that fo\xe2\x80\xa6 https://t.co/I5GKuDfOvj'","Washington D.C.",-77.0368707,38.9071923,"District of Columbia"
"3/5/2019 13:20",1.10292e+18,"b""Don't miss our noon book talk! Dr. Jeremy Brown of @NIH will discuss the history of the #flu virus, the Great Flu o\xe2\x80\xa6 https://t.co/X9gJkxF1Zu""","Washington, D.C.",-77.0368707,38.9071923,"District of Columbia"
"3/5/2019 13:00",1.10292e+18,"b'Chemoprophylaxis for #influenza? It is indicated in certain cases. The December issue of #EMpractice covers this tr\xe2\x80\xa6 https://t.co/afm43A2IaW'","Norcross, GA",-84.2135309,33.9412127,"Georgia"
"3/5/2019 11:30",1.10289e+18,"b'New #influenza preprint: Early Detection of Influenza outbreaks in the United States https://t.co/Qp39zWvLlw'","United States",-95.712891,37.09024,"Kansas"
"3/5/2019 11:30",1.10289e+18,"b'New #influenza preprint: Dynamics and Internal Control of Body Temperature in Response to Infectious Agents and oth\xe2\x80\xa6 https://t.co/WUZrLtC6Rp'","United States",-95.712891,37.09024,"Kansas"
"3/5/2019 3:29",1.10277e+18,"b'@gallus_pallas No, how protected you are from any #H3N2 virus depends on the #Antigenic distance from the infection\xe2\x80\xa6 https://t.co/N1dAaAbR3i'","Saint Louis",-90.1994042,38.6270025,"Missouri"
"3/5/2019 1:06",1.10274e+18,"b'We all got #flushots but preschool germs will get you every time..Mia has the flu and we are prophylacting. I serio\xe2\x80\xa6 https://t.co/Gv9Rw0iwxD'","South Carolina, USA",-81.1637245,33.836081,"South Carolina"
"3/5/2019 0:00",1.10272e+18,"b'Influenza (Flu)\n\nMost people who get the flu recover completely in 1 to 2 weeks, but some people develop serious an\xe2\x80\xa6 https://t.co/77uFkICQLI'","Illinois, USA",-89.3985283,40.6331249,"State Not Found"
"3/4/2019 22:56",1.1027e+18,"b'I\xe2\x80\x99m going outside like this. Dgaf. I\xe2\x80\x99m sickly \xf0\x9f\x96\x95\xf0\x9f\x8f\xbc\xe2\x9c\x8c\xf0\x9f\x8f\xbc. #influenza https://t.co/fGuZIHLIHb'","United States",-95.712891,37.09024,"Kansas"
"3/4/2019 22:56",1.1027e+18,"b'Are you avoiding getting the #FluShot because you\xe2\x80\x99ve heard the vaccine can be dangerous and cause side effects? Her\xe2\x80\xa6 https://t.co/rK5C42lWdI'","South Carolina, USA",-81.1637245,33.836081,"South Carolina"
"3/4/2019 22:54",1.1027e+18,"b'The #CDC says the milder strain of #influenza that had been nailing people from just after Thanksgiving through ear\xe2\x80\xa6 https://t.co/dUiYCFcmnR'","Little Rock, AR",-92.2895948,34.7464809,"Arkansas"
"3/4/2019 22:18",1.10269e+18,"b'Subscribe to our new @YouTube channel, which includes our full set of #influenza webinars from prominent researcher\xe2\x80\xa6 https://t.co/xo8f3gXv6b'","New York, NY",-74.0059728,40.7127753,"New York"
"3/4/2019 22:10",1.10269e+18,"b'SAVE THE DATE: ID Epi Seminar Series 2019: Adam Lauring from @UMich will be presenting Mar 7th! We look forward to\xe2\x80\xa6 https://t.co/H7dAIvsPRu'","Boston, MA",-71.0588801,42.3600825,"Massachusetts"
"3/4/2019 22:00",1.10269e+18,"b""Researcher Bao-Zhong Wang is fighting #influenza #TheStateWay. He's received a $3.86 million federal grant to devel\xe2\x80\xa6 https://t.co/ZTIh8u5515""","Atlanta, Georgia USA",-84.3879824,33.7489954,"Georgia"
"3/4/2019 20:45",1.10267e+18,"b""Don't miss tomorrow's noon book talk! Dr. Jeremy Brown of @NIH will discuss the history of the #flu virus, the Grea\xe2\x80\xa6 https://t.co/Z3pJsFqJPL""","Washington, D.C.",-77.0368707,38.9071923,"District of Columbia"
"3/4/2019 19:27",1.10265e+18,"b""The sun must have felt good on my kiddos face.  Feeling well enough to be at the doctor's office, he fell asleep si\xe2\x80\xa6 https://t.co/atoBOdCmYS""","Ohio, USA",-82.907123,40.4172871,"Ohio"
"3/4/2019 19:15",1.10265e+18,"b'Desperately fighting! 2 of three down in the house. I\xe2\x80\x99m refusing to go! \xf0\x9f\x98\xb7\xf0\x9f\x92\xaa\xf0\x9f\xa4\x9c\xf0\x9f\x91\x8a\xf0\x9f\xa4\x9b#fighttheflu #cayennepepper\xe2\x80\xa6 https://t.co/mtfpQUTJfW'","Silicon Valley",-122.0575434,37.387474,"California"
"3/4/2019 17:45",1.10263e+18,"b'Leading global experts will share cutting-edge research on #vaccine hesitancy &amp; new vaccines to prevent #Zika,\xe2\x80\xa6 https://t.co/AKJF307BxK'","Bethesda, MD",-77.0947092,38.984652,"Maryland"
"3/4/2019 17:18",1.10262e+18,"b'Report @NFIDVaccines show only 46% of college students get #vaccines for #influenza. Incentives such as free food &amp;\xe2\x80\xa6 https://t.co/T6KBzRCL2a'","Washington, DC",-77.0368707,38.9071923,"District of Columbia"
"3/4/2019 17:09",1.10262e+18,"b'MDBox was built to give you greater access to quality healthcare at a lower cost. #Telemedicine #DallasMoms\xe2\x80\xa6 https://t.co/gOBRL3RswG'","Austin, TX",-97.7430608,30.267153,"Texas"
"3/4/2019 17:01",1.10261e+18,"b'Could it be #flu?  #influenza https://t.co/hn8JqgU5E3 https://t.co/IxwkpUS8hx'","US",-95.712891,37.09024,"Kansas"
"3/4/2019 16:54",1.10261e+18,"b""#GeorgiaState researcher Dr. Baozhong Wang is fighting #influenza #TheStateWay. He's received a $3.86 million feder\xe2\x80\xa6 https://t.co/HfKxEG2Frx""","Atlanta, GA",-84.3879824,33.7489954,"Georgia"
"3/4/2019 16:45",1.10261e+18,"b'Post call weekend #mondaythoughts 59 yo smoker got #influenza A Tuesday and admitted with secondary #MRSA pneumonia\xe2\x80\xa6 https://t.co/Eispg6T7VQ'","St. Louis",-90.1994042,38.6270025,"Missouri"
"3/4/2019 16:01",1.1026e+18,"b'Partnerships @ASTHO @CDCgov help reach disadvantaged populations through #influenza initiatives and must continue t\xe2\x80\xa6 https://t.co/APnW09FiSL'","Burlington, VT",-73.212072,44.4758825,"Vermont"
"3/4/2019 16:01",1.1026e+18,"b""This week's #Meet3iMonday spotlight is Dr. Andrew Pavia (@AndrewPaviaMD). Dr. Pavia is the Division Chief of Infect\xe2\x80\xa6 https://t.co/bYf541TNSv""","Salt Lake City, UT",-111.8910474,40.7607793,"Utah"
"3/4/2019 14:47",1.10258e+18,"b'While this has been a milder #influenza season compared to last year, the number of patients hospitalized due to in\xe2\x80\xa6 https://t.co/Eh82lWLo20'","Minnesota",-94.6858998,46.729553,"State Not Found"
"3/4/2019 14:32",1.10258e+18,"b'Last year @CDCgov  reported &gt;80K deaths related to #Flu.  March article @AMJPublicHealth w/ author\xe2\x80\x99s @UNCG_PHE\xe2\x80\xa6 https://t.co/192TfCYVFS'","Washington, DC",-77.0368707,38.9071923,"District of Columbia"
"3/4/2019 14:23",1.10258e+18,"b'Taking A Jab At Influenza\nDoctors recommend flu shots for anyone who wants to lower their risk of seasonal influenz\xe2\x80\xa6 https://t.co/cFze2zod9g'","Sherman, TX",-96.6088805,33.6356618,"Texas"
"3/4/2019 14:09",1.10257e+18,"b'CDC: Dangerous flu strain overtakes H1N1 this season https://t.co/YCagcCjcki #flu #influenza #cdc https://t.co/IY3YQ8vdi4'","Nashville, TN",-86.7816016,36.1626638,"Tennessee"
"3/4/2019 13:10",1.10256e+18,"b'CDC provides constant updates on flu outbreaks nationwide\n#flu #influenza https://t.co/HEa6BtxFYa'","Boston, MA, USA",-71.0588801,42.3600825,"Massachusetts"
"3/4/2019 11:22",1.10253e+18,"b'New #influenza preprint: RanBP2/Nup358 enhances RNAi activity by sumoylating and stabilizing Argonaute 1 https://t.co/ggdRVYojbd'","United States",-95.712891,37.09024,"Kansas"
"3/4/2019 11:22",1.10253e+18,"b'New #influenza preprint: Influenza A matrix protein M1 is sufficient to induce lipid membrane deformation https://t.co/0JoL1Sa0ML'","United States",-95.712891,37.09024,"Kansas"
"3/4/2019 5:48",1.10245e+18,"b'My momma was really sick &amp; had to go to the hospital. #influenza and #pneumonia are no joke! She\xe2\x80\x99s finally home &amp; I\xe2\x80\xa6 https://t.co/CqHpA8o4aQ'","Denver, CO",-104.990251,39.7392358,"Colorado"
"3/4/2019 5:05",1.10243e+18,"b'@PeterHotez @facebook @amazon Respectfully @RobertKennedyJr you are on wrong side of this. Human life is at stake.\xe2\x80\xa6 https://t.co/J5gPNaXDFt'","Santa Rosa, CA",-122.7140548,38.440429,"California"
"3/3/2019 20:22",1.1023e+18,"b'#STUDY: Prevention of #Influenza Episodes with #Colostrum Compared with #Vaccination in Healthy &amp; High-Risk Cardiov\xe2\x80\xa6 https://t.co/GnywkLVNDD'","NoVA, USA",-122.788377,45.4604,"Oregon"
"3/3/2019 19:15",1.10229e+18,"b'16. The different treatments for #influenza are summarized in the December issue of #EMpractice. #EBMedicine Source\xe2\x80\xa6 https://t.co/1nwj0g1JTW'","Norcross, GA",-84.2135309,33.9412127,"Georgia"
"3/3/2019 16:55",1.10225e+18,"b""Today marks the first Sunday in over three years in which I've had to miss church due to illness. It is not a good\xe2\x80\xa6 https://t.co/MFw58j4OW5""","Edmonton",-113.4909267,53.544389,"Alberta"
"3/3/2019 16:27",1.10224e+18,"b'Now buy Woooooo! Menthol and Peppermint Steam Pucks online, at: \xf0\x9f\xa4\x92https://t.co/CD6q79RGz6\xf0\x9f\xa4\x92\n\n#sinusrelief\xe2\x80\xa6 https://t.co/CzHiBELWTJ'","Peru, IL",-89.1289728,41.3275349,"Illinois"
"3/3/2019 16:24",1.10224e+18,"b'Now buy Woooooo! Menthol and Peppermint Steam Pucks online, at: \xf0\x9f\xa4\x92https://t.co/3qlzBAo52T \xf0\x9f\xa4\x92\n\n#sinusrelief\xe2\x80\xa6 https://t.co/Wma7mFpsBz'","Illinois, USA",-89.3985283,40.6331249,"State Not Found"
"3/3/2019 15:15",1.10223e+18,"b'Senior Life: Did you know #influenza complications can include heart attack and stroke? https://t.co/cDzn7f21K6\xe2\x80\xa6 https://t.co/kFZwsCCm5W'","Bethesda, MD",-77.0947092,38.984652,"Maryland"
"3/3/2019 12:00",1.10218e+18,"b'Flu Season is Here - Protect Yourself! EMS Influenza Protection Kits \xe2\x80\xa2 Global-Tec Enterprises Inc\xe2\x80\xa6 https://t.co/WL9PRExzw6'","Spartanburg, SC",-81.9320482,34.9495672,"South Carolina"
"3/3/2019 1:45",1.10202e+18,"b'St Johns Wort can fight #depression, #influenza n HIV n #Garlic is known 4its anti-fungal n #antibacterial properti\xe2\x80\xa6 https://t.co/iuLmsNjLbh'","US",-95.712891,37.09024,"Kansas"
"3/3/2019 1:40",1.10202e+18,"b'The flu NEVER LOOKED SO GOOD #loveisintheair so is #influenza \xf0\x9f\xa4\x92\xf0\x9f\x92\x95 https://t.co/e4rlOp9f1B'","Baton Rouge, LA",-91.1871466,30.4514677,"Louisiana"
"3/2/2019 23:13",1.10198e+18,"b'A new #Influenza #pandemic ?  Here are the @WHO top 10 global health threats for 2019  https://t.co/D6fg24BOoF'","Pennsylvania, USA",-77.1945247,41.2033216,"Pennsylvania"
"3/2/2019 22:34",1.10197e+18,"b'#Lung ectopic #GerminalCenter #Flu | TypeI IFN after #Influenza A #virus infection induce Cxcl13 lung #fibroblasts\xe2\x80\xa6 https://t.co/cNQ2lUvNuL'","La Jolla, CA. USA",-117.2712717,32.8328112,"California"
"3/2/2019 18:34",1.10191e+18,"b'Flu question: once you\xe2\x80\x99ve had a particular strain, say H3N2, are you then immune to it thereafter? #flu #H3N2 #sick #influenza'","In the coop",-96.8345439,33.1515505,"Texas"
"3/2/2019 18:03",1.10191e+18,"b'One of many examples of important work &amp; roles of @OSUVetCollege veterinarians &amp; researchers to advance animal &amp; hu\xe2\x80\xa6 https://t.co/qq4XcqqQ0N'","Columbus, OH",-82.9987942,39.9611755,"Ohio"
"3/2/2019 16:43",1.10189e+18,"b'Dealing with multiple small #influenza outbreaks in hospital/LTCF when widespread flu in community. \n\nDespite empha\xe2\x80\xa6 https://t.co/O9oNmkPDxz'","Baltimore, MD",-76.6121893,39.2903848,"Maryland"
"3/2/2019 16:16",1.10188e+18,"b'Wild virus protects from subsequent #infection with #flu.  Natural or #vaccine-induced #antibody as a predictor of\xe2\x80\xa6 https://t.co/sl8REXZzay'","California, USA",-119.4179324,36.778261,"California"
"3/2/2019 16:10",1.10188e+18,"b'Dr. Yoshihiro Kawaoka\xe2\x80\x99s work on #H5N1 is very important for US #biosecurity. It\xe2\x80\x98s not outside the realm of possibil\xe2\x80\xa6 https://t.co/LKmnMeGl62'","Washington, DC",-77.0368707,38.9071923,"District of Columbia"
"3/2/2019 15:55",1.10187e+18,"b'The flu is still here. The ICU cases we are seeing are bad. ECMO bad. Diffuse alveolar hemorrhage bad. Death bad.\xe2\x80\xa6 https://t.co/6kKpYKdczO'","Gainesville, FL",-82.3248262,29.6516344,"Florida"
"3/2/2019 12:49",1.10183e+18,"b'Studies of Deadly Flu Virus, Once Banned, Are Set to Resume, by @nytDeniseGrady  https://t.co/B9bVs9HSlr via\xe2\x80\xa6 https://t.co/WFI1fC4bb1'","MontrÃ©al",-73.632967,45.495585,"Quebec"
"3/2/2019 11:55",1.10181e+18,"b""Slow start, but it's not over yet: 5 things to know about this year's #fluseason - https://t.co/SivYsMLtxE\xe2\x80\xa6 https://t.co/ecWr66Vt6g""","Clarks Summit, PA",-75.7085248,41.4886892,"Pennsylvania"
"3/2/2019 5:11",1.10171e+18,"b'Awesome!!! @jimmyfallon just got his #Influenza vaccine from @DrOz live on the air. Good job Jimmy. Better late tha\xe2\x80\xa6 https://t.co/3kKrQ8xpMl'","South Carolina, USA",-81.1637245,33.836081,"South Carolina"
"3/2/2019 1:18",1.10165e+18,"b'#Influenza in Europe: Influenza A: 16794 (+1316) sentinel/129790 (+13810) non-sentinel cases; Influenza B: 156 (+9)\xe2\x80\xa6 https://t.co/wIc6aqGcil'","USA",-95.712891,37.09024,"Kansas"
"3/2/2019 1:17",1.10165e+18,"b'#Influenza in the USA: 110047 (+11155) Influenza A/4039 (+312) Influenza B cases reported by @CDCgov for the 2018/2\xe2\x80\xa6 https://t.co/ZFjk8YR0Jc'","USA",-95.712891,37.09024,"Kansas"
"3/1/2019 22:18",1.10161e+18,"b'US #flu activity stays high as 15 new deaths in kids reported https://t.co/NcCSEtNuaK #influenza https://t.co/rMOyUx0lwU'","Minneapolis, MN",-93.2650108,44.977753,"Minnesota"
"3/1/2019 21:59",1.1016e+18,"b'Conventional #DendriticCells differentiate from pre-DC into a single subtype once in #tissues, ie #lung. Upon #flu\xe2\x80\xa6 https://t.co/PypzwTk98x'","Boston, MA",-71.0588801,42.3600825,"Massachusetts"
"3/1/2019 21:45",1.1016e+18,"b""#GeorgiaState researcher Dr. Baozhong Wang is fighting #influenza #TheStateWay. He's received a $3.86 million feder\xe2\x80\xa6 https://t.co/yj4XLzfbAP""","Atlanta, GA",-84.3879824,33.7489954,"Georgia"
"3/1/2019 21:06",1.10159e+18,"b'#FluFactFriday: Recent studies show flu shots cut hospital risk during pregnancy. \nLearn more about Abt\xe2\x80\x99s\xe2\x80\xa6 https://t.co/WJ0cXuQE00'","Cambridge, Massachusetts",-71.1097335,42.3736158,"Massachusetts"
"3/1/2019 20:23",1.10158e+18,"b'Preliminary data from CDC\xe2\x80\x99s influenza surveillance reports estimate over 20.4 million flu illnesses, 16,400 flu dea\xe2\x80\xa6 https://t.co/tI83ofqhAj'","Arlington, VA",-77.0909809,38.8816208,"Virginia"
"3/1/2019 20:21",1.10158e+18,"b'Tropism and Infectivity of a Seasonal A(H1N1) and a Highly Pathogenic Avian A(H5N1) #Influenza Virus in Primary Dif\xe2\x80\xa6 https://t.co/m8Dz4xsSMX'","USA",-95.712891,37.09024,"Kansas"
"3/1/2019 20:00",1.10157e+18,"b'CDC Warns Cases of More Severe Strain of Influenza On the Rise -- A Weekly Influenza Surveillance Report Prepared b\xe2\x80\xa6 https://t.co/8CHz5Ssdga'","Sparks, MD",-76.6458043,39.5309389,"Maryland"
"3/1/2019 19:04",1.10156e+18,"b'.@CDCgov is expecting #flu activity to remain high for a number of weeks. Secondary #infections from bacteria/fungi\xe2\x80\xa6 https://t.co/G24RfYDm4i'","California, USA",-119.4179324,36.778261,"California"
"3/1/2019 18:43",1.10155e+18,"b'CDC Flu News for March 1, 2019\nhttps://t.co/ZgiWzUSGxr\n\n56  #influenza-associated  #pediatric deaths have been conf\xe2\x80\xa6 https://t.co/yQEZ8h3F73'","Houston, TX",-95.3698028,29.7604267,"Texas"
"3/1/2019 18:30",1.10155e+18,"b'Stay vigilant and keep up your prevention habits like washing your hands often. #fluseason #influenza  https://t.co/ZhUhdFOK57'","Omaha, NE",-95.9345034,41.2565369,"Nebraska"
"3/1/2019 18:05",1.10154e+18,"b'Targeting #fluvaccine: The Learning Health System program at @KPWaResearch looked at data from @kpwashington member\xe2\x80\xa6 https://t.co/aIMdL5ev47'","Seattle, WA",-122.3320708,47.6062095,"Washington"
"3/1/2019 17:18",1.10153e+18,"b'South Dakota Influenza summary for the week ending February 23, 2019 (week 8) is posted at: https://t.co/qai4YUteE0\xe2\x80\xa6 https://t.co/UGhUiRLxBJ'","Pierre, SD",-100.3537522,44.3667876,"South Dakota"
"3/1/2019 16:00",1.10151e+18,"b'.@techreview listed universal #influenza vaccine development as one of the top 10 big global challenges that can be\xe2\x80\xa6 https://t.co/AKyTMMh4AV'","Washington, DC",-77.0368707,38.9071923,"District of Columbia"
"3/1/2019 15:53",1.10151e+18,"b'Influenza activity still widespread in the European Region; among hospitalized influenza virus-infected patients ad\xe2\x80\xa6 https://t.co/NkqPVOcXNJ'","Netherlands",5.291266,52.132633,"Utrecht"
"3/1/2019 15:23",1.1015e+18,"b'Here\'s the piece they link to.\nThe takeaway? \n\n""As the temperature and humidity keep dropping, your best bet for wa\xe2\x80\xa6 https://t.co/9KZhSBH9JO'","Boston, MA",-71.0588801,42.3600825,"Massachusetts"
"3/1/2019 15:23",1.1015e+18,"b'Intriguing article on #influenza virus/other pathogens + neurodegeneration from @AshleyJYeager (touches on encephal\xe2\x80\xa6 https://t.co/6crdv2bHCx'","Decatur, GA",-84.2963123,33.7748275,"Georgia"
"3/1/2019 15:00",1.1015e+18,"b'Results of a ""very definitive study"" reported to the CDC showed that #influenza #vaccination during pregnancy does\xe2\x80\xa6 https://t.co/lP8yZakouG'","New York, NY",-74.0059728,40.7127753,"New York"
"3/1/2019 14:06",1.10148e+18,"b'#FluFactFriday: As a possible second wave of #influenza is reported, remember the consequences of the #flu are more\xe2\x80\xa6 https://t.co/BLOR04RIa3'","West Bloomfield Township, MI",-83.373339,42.5678534,"Michigan"
"3/1/2019 13:37",1.10148e+18,"b'Egg-based #influenza vaccines have been used for 70 years, while cell-based versions were first approved in 2016. R\xe2\x80\xa6 https://t.co/ECdmss6zpG'","United States",-95.712891,37.09024,"Kansas"
"3/1/2019 13:24",1.10147e+18,"b'Available through Bangs &amp; our sister company, @Polysciences!   See several references here re: #IVD\xe2\x80\xa6 https://t.co/xkBos0jxPD'","Indianapolis, IN",-86.158068,39.768403,"Indiana"
"3/1/2019 13:01",1.10147e+18,"b'New #influenza preprint: The FluPRINT dataset: A multidimensional analysis of the influenza vaccine imprint on the\xe2\x80\xa6 https://t.co/rRjpERmQUg'","United States",-95.712891,37.09024,"Kansas"
"3/1/2019 13:01",1.10147e+18,"b'New #influenza preprint: Early Prediction of Antigenic Transitions for Influenza A H3N2 https://t.co/XEz2JEPAFN'","United States",-95.712891,37.09024,"Kansas"
"3/1/2019 12:30",1.10146e+18,"b""Flu season is slowing down\xe2\x80\x94but it's not over. Check out these health tips to maximize the chances of staying flu-fr\xe2\x80\xa6 https://t.co/AGxkbKrftE""","Sleepy Hollow, New York",-73.8584684,41.085652,"New York"
"3/1/2019 11:57",1.10145e+18,"b'The next paper from our #checkpoint inhibitor myocarditis registry. #Influenza #vaccination and #MACE (fewer events\xe2\x80\xa6 https://t.co/iv1cqSrjIO'","New York, NY",-74.0059728,40.7127753,"New York"
"3/1/2019 3:10",1.10132e+18,"b'My first publication in Pediatrics and I\xe2\x80\x99m the senior author! \xe2\x80\x9cEarly Use of Anti-#influenza Medications in Hospital\xe2\x80\xa6 https://t.co/hSGzJ3WkCo'","Los Angeles, CA",-118.2436849,34.0522342,"California"
"2/28/2019 23:05",1.10126e+18,"b'Some #immune cells can fight all 3 strains of #influenza- perhaps permanently. Right nos, the various types of the\xe2\x80\xa6 https://t.co/skHNXueM6G'","South Florida",-81.5157535,27.6648274,"State Not Found"
"2/28/2019 22:05",1.10124e+18,"b'It\xe2\x80\x99s flu season, and we know germs are circulating. If you\xe2\x80\x99re feeling ill, give us a call! We\xe2\x80\x99ll come to you, and g\xe2\x80\xa6 https://t.co/N00d478GwY'","Frisco, CO",-106.0975203,39.5744309,"Colorado"
"2/28/2019 21:11",1.10123e+18,"b'Get the latest updates on #influenza and this #fluseason by following @CDCFlu. https://t.co/WuPrWh2l8G'","Atlanta, GA",-84.3879824,33.7489954,"Georgia"
"2/28/2019 21:05",1.10123e+18,"b'Antiviral agents compared for #influenza treatment https://t.co/pTscbPvYfK'","New York",-74.0059728,40.7127753,"New York"
"2/28/2019 21:00",1.10123e+18,"b'Study findings (presented to #ACIP) provide high level of reassurance regarding safety of the #influenza #vaccine i\xe2\x80\xa6 https://t.co/GsGlIExEKJ'","Toronto, Ontario",-79.3831843,43.653226,"Ontario"
"2/28/2019 19:22",1.1012e+18,"b'#SouthLakeTahoe has fewer reported cases of #influenza than normal - may be due to the heavy snow and reduced human\xe2\x80\xa6 https://t.co/CVX22GSOw5'","South Lake Tahoe, CA",-119.9771868,38.939926,"California"
"2/28/2019 19:03",1.1012e+18,"b'.@unimelb investigators have made progress towards a one-time #influenza vaccine. https://t.co/CSCZLTcXJg'","United States",-95.712891,37.09024,"Kansas"
"2/28/2019 18:05",1.10118e+18,"b'""Any #influenza viruses produced in eggs have to adapt to growing in that environment and hence generate mutations\xe2\x80\xa6 https://t.co/mEqUhhZVZh'","United States",-95.712891,37.09024,"Kansas"
"2/28/2019 17:23",1.10117e+18,"b'The future of #influenza forecasts \n#GPHO https://t.co/s2mbAi2QVZ'","Baltimore MD USA",-76.6121893,39.2903848,"Maryland"
"2/28/2019 17:17",1.10117e+18,"b""#GeorgiaState researcher Dr. Baozhong Wang is fighting #influenza #TheStateWay. He's received a $3.86 million feder\xe2\x80\xa6 https://t.co/EVBPutbQmV""","Atlanta, Georgia ",-84.3879824,33.7489954,"Georgia"
"2/28/2019 16:52",1.10116e+18,"b'Literally coughing my ASS OFF. This \xf0\x9f\xa4\xac flu is triggering sciatic nerve pains = ass pains.\n#flu #influenza #flublues'","Minnesota, USA",-94.6858998,46.729553,"State Not Found"
"2/28/2019 16:45",1.10116e+18,"b'@CDCgov forecasts #influenza activity will remain elevated for several more weeks, continues to encourage\xe2\x80\xa6 https://t.co/uiuCiGtdgh'","Leawood, KS",-94.6169012,38.966673,"Kansas"
"2/28/2019 16:43",1.10116e+18,"b'What\xe2\x80\x99s trending nationally right now on our #illnesstracker? #Influenza A, #StrepThroat, ear infection and the comm\xe2\x80\xa6 https://t.co/WN788Byauo'","United States",-95.712891,37.09024,"Kansas"
"2/28/2019 16:04",1.10115e+18,"b'Flu Season Has Schools Increasing Disinfection\nInfluenza activity continues to increase in the United States &amp; K-12\xe2\x80\xa6 https://t.co/5n287H8RSJ'","Lemont, IL ",-88.0017261,41.673642,"Illinois"
"2/28/2019 16:01",1.10115e+18,"b'#Abbott Offers up Rapid #Influenza #Diagnostic https://t.co/wTpiS7A2Kh #medtech #digitalmed #meddevice #MedTwitter https://t.co/Fyf0SErSYz'","New York, NY",-74.0059728,40.7127753,"New York"
"2/28/2019 15:53",1.10115e+18,"b'Worth a read. Families seek care in EDs because they\xe2\x80\x99re afraid. \n\nWhen it feels overwhelming being on the ED side o\xe2\x80\xa6 https://t.co/dtikz3yaQO'","Providence, RI",-71.4128343,41.8239891,"Rhode Island"
"2/28/2019 15:30",1.10114e+18,"b'The GR Scott Budinger lab is interested in understanding how aging biology intersects with the age-related risk of\xe2\x80\xa6 https://t.co/s5Co64t81P'","Chicago, IL",-87.6297982,41.8781136,"Illinois"
"2/28/2019 15:30",1.10114e+18,"b'A reformulated lateral flow #influenza assay from @AbbottNews has been CLIA-waived by the FDA for use with the comp\xe2\x80\xa6 https://t.co/R64tHeL3me'","Thorofare, NJ",-75.1969346,39.8422093,"New Jersey"
"2/28/2019 14:59",1.10113e+18,"b'A new study of the 2017-2018 #influenza vaccine is bolstering concerns about the effectiveness of egg-grown flu\xe2\x80\xa6 https://t.co/esGzmZHBDu'","United States",-95.712891,37.09024,"Kansas"
"2/28/2019 14:43",1.10113e+18,"b""#GeorgiaState researcher Dr. Baozhong Wang is fighting #influenza #TheStateWay. He's received a $3.86 million feder\xe2\x80\xa6 https://t.co/zswkDPymx4""","Atlanta, GA",-84.3879824,33.7489954,"Georgia"
"2/28/2019 13:51",1.10112e+18,"b'#vaccinate #vaccines #antivax #vaccinateyourkids #antivaxxersareidiots #vaccineswork #measles #influenza #polio @ P\xe2\x80\xa6 https://t.co/m74omWMqEI'","Portland, OR",-122.6587185,45.5122308,"Oregon"
"2/28/2019 13:42",1.10112e+18,"b'A long winter &amp; now this... \xf0\x9f\x99\x84 ""Flu outbreak with second strain could last until May."" #stlwx #influenza\xe2\x80\xa6 https://t.co/JisrsaneBJ'","St Louis, MO",-90.1994042,38.6270025,"Missouri"
"2/28/2019 13:22",1.10111e+18,"b""I'll do this in 2 sentences. It is better to understand #influenza (or other) virus pathogenesis than to not unders\xe2\x80\xa6 https://t.co/2QcsJQnrGi""","Maryland",-76.6412712,39.0457549,"Maryland"
"2/28/2019 13:00",1.1011e+18,"b""Spring is almost here but it's still flu season!  Know your risks and take action to reduce your risks. #influenza\xe2\x80\xa6 https://t.co/GfqcadnO81""","Houston, TX",-95.3698028,29.7604267,"Texas"
"2/28/2019 13:00",1.1011e+18,"b""We're working together to accelerate the development of a universal #influenza vaccine and we need you! Learn about\xe2\x80\xa6 https://t.co/WNaH44QFEx""","Washington, DC",-77.0368707,38.9071923,"District of Columbia"
"2/28/2019 12:50",1.1011e+18,"b'HEALTHCARE PROVIDERS: #Flu is widespread across the United States. We want to remind you of the update @KDHE made t\xe2\x80\xa6 https://t.co/s3zsDmekSD'","Olathe, KS",-94.8191285,38.8813958,"Kansas"
"2/28/2019 12:46",1.1011e+18,"b'New study finds no link between flu shots and miscarriages, allaying fears. By @HelenBranswell via @statnews\xe2\x80\xa6 https://t.co/CK5QydUYX3'","Toronto",-79.3831843,43.653226,"Ontario"
"2/28/2019 12:36",1.1011e+18,"b""#GeorgiaState researcher Dr. Baozhong Wang is fighting #influenza #TheStateWay. He's received a $3.86 million feder\xe2\x80\xa6 https://t.co/PlGWjEhHDy""","Atlanta, GA",-84.3879824,33.7489954,"Georgia"
"2/28/2019 10:11",1.10106e+18,"b'1. People do know about it. 2. Far more dangerous to be ignorant and not do studies. 3. Bio security is more advanc\xe2\x80\xa6 https://t.co/jCnkTZb2sl'","Maryland",-76.6412712,39.0457549,"Maryland"
"2/28/2019 3:27",1.10096e+18,"b'@karlaa1975 ti amo, seamos roomies 4ever and ever, bai. #Influenza https://t.co/xCtFBlP1gi'","Sabinas,Coahuila,MÃ©xico",-101.1334267,27.8647835,"Coahuila"
"2/28/2019 0:56",1.10092e+18,"b'\xf0\x9f\x93\xa32\xef\xb8\x8f\xe2\x83\xa30\xef\xb8\x8f\xe2\x83\xa3% off ALL Homeopathic Medicines! \xe2\x9a\xaa\xef\xb8\x8f\xf0\x9f\x94\xb5\xf0\x9f\x94\xb43-Days only @ashlandfoodcoop (2/27-3/1) \n\xe2\x9e\x95Free Live Telecast TONIGHT (2\xe2\x80\xa6 https://t.co/UlTU0V5z6Q'","Portland, OR",-122.6587185,45.5122308,"Oregon"
"2/27/2019 21:35",1.10087e+18,"b'Doctrine of Original #Antigenic #Sin| Journal of #Infectious Diseases Oxford Academic| \xe2\x80\x9cRecent observations have pr\xe2\x80\xa6 https://t.co/lgJQCQCujo'","California, USA",-119.4179324,36.778261,"California"
"2/27/2019 20:45",1.10086e+18,"b'#Vaccination does not guarantee immunity. Many do not respond to their vaccines and immunity wanes within 2-15 year\xe2\x80\xa6 https://t.co/uHCFfser6x'","Portland, OR",-122.6587185,45.5122308,"Oregon"
"2/27/2019 20:39",1.10086e+18,"b'Sabin applauds the leadership of @SenMarkey, Rep. @rosadelauro and cosponsors to commit federal funding for univers\xe2\x80\xa6 https://t.co/IBpEsD0mIT'","Washington, DC",-77.0368707,38.9071923,"District of Columbia"
"2/27/2019 20:14",1.10085e+18,"b'When taken with the potentially higher incidence of high risk chronic conditions in those over 65, which leads to i\xe2\x80\xa6 https://t.co/fVQt5qvddb'","Chicago, IL",-87.6297982,41.8781136,"Illinois"
"2/27/2019 20:03",1.10085e+18,"b'This week, #Sanofi\xe2\x80\x99s Gary Nabel joined #influenza experts on Capitol Hill to brief congress on the quest for a univ\xe2\x80\xa6 https://t.co/Pe54FcsJbL'","Bridgewater, NJ",-74.6049061,40.5939636,"New Jersey"
"2/27/2019 20:01",1.10085e+18,"b'Oseltamivir (Tamiflu) in children\xe2\x80\xa6.reduction of duration of illness by ~18 hours and reduction of 34% of developing\xe2\x80\xa6 https://t.co/IZQ7eERydR'","Columbus, OH",-82.9987942,39.9611755,"Ohio"
"2/27/2019 19:46",1.10084e+18,"b'.@realDonaldTrump #Vaccination does not guarantee immunity. Many do not respond to their vaccines and immunity wane\xe2\x80\xa6 https://t.co/tQGFBbp9Zp'","Florida, USA",-81.5157535,27.6648274,"State Not Found"
"2/27/2019 19:46",1.10084e+18,"b'.@SecAzar #Vaccination does not guarantee immunity. Many do not respond to their vaccines and immunity wanes within\xe2\x80\xa6 https://t.co/OrjG0oqgBd'","Florida, USA",-81.5157535,27.6648274,"State Not Found"
"2/27/2019 19:27",1.10084e+18,"b""We commend @SenMarkey and Rep. @rosadelauro's dedication to moving the dial on #influenza vaccine research with the\xe2\x80\xa6 https://t.co/nGsQ80BnPl""","Washington, DC",-77.0368707,38.9071923,"District of Columbia"
"2/27/2019 19:21",1.10084e+18,"b'Sabin applauds @SenMarkey, Rep. @rosadelauro and cosponsors who yesterday reintroduced the Flu Vaccine Act, which w\xe2\x80\xa6 https://t.co/qT2ZmeQPtk'","Washington, DC",-77.0368707,38.9071923,"District of Columbia"
"2/27/2019 18:44",1.10083e+18,"b'.@WHO recently issued new recommendations on the composition of the #influenza vaccines for use in the 2019-20 flu\xe2\x80\xa6 https://t.co/qGd4cijeS9'","Dallas, Texas",-96.7969879,32.7766642,"Texas"
"2/27/2019 18:22",1.10082e+18,"b'#Vaccination does not guarantee immunity. Many do not respond to their vaccines and immunity wanes within 2-15 year\xe2\x80\xa6 https://t.co/6iN7K6p3PV'","Grand Blanc, MI",-83.6299518,42.9275277,"Michigan"
"2/27/2019 18:18",1.10082e+18,"b'This concludes my #influenza TweetStorm!'","Cincinnati, OH",-84.5120196,39.1031182,"Ohio"
"2/27/2019 18:17",1.10082e+18,"b'Check out the CDC #influenza page for a wealth of information https://t.co/18wxQtJjDj'","Cincinnati, OH",-84.5120196,39.1031182,"Ohio"
"2/27/2019 18:16",1.10082e+18,"b'Keep yourself healthy this time of year, so many have been out sick recently. If you do get the flu, remember that\xe2\x80\xa6 https://t.co/qJWeKLCyIE'","Huntington Beach, CA",-117.9988026,33.6594835,"California"
"2/27/2019 18:15",1.10082e+18,"b'#Tamiflu (oseltamivir) is the most common ""treatment"" for #influenza, and a 2015 meta-analysis  found a 21% shorter\xe2\x80\xa6 https://t.co/pLoK804bz9'","Norcross, GA",-84.2135309,33.9412127,"Georgia"
"2/27/2019 18:05",1.10082e+18,"b'Q: Why is our child not receiving treatment for #influenza?\nA: Every medicine has risks &amp; benefits - antivirals hav\xe2\x80\xa6 https://t.co/4zGcM8giU8'","Cincinnati, OH",-84.5120196,39.1031182,"Ohio"
"2/27/2019 18:03",1.10082e+18,"b'Q: Why is our child not being tested for #influenza?\nA: Our test (EXPLAIN YOUR TEST) is only run when the result is\xe2\x80\xa6 https://t.co/ZCTFEXHEj4'","Cincinnati, OH",-84.5120196,39.1031182,"Ohio"
"2/27/2019 18:02",1.10082e+18,"b'The #CommonCold and the #Flu can be tricky to tell apart. Both are caused by viruses and are contagious, but the fl\xe2\x80\xa6 https://t.co/ROMW8IzTQ8'","South Carolina, USA",-81.1637245,33.836081,"South Carolina"
"2/27/2019 18:00",1.10082e+18,"b""We're open for your convenience at the CHI #Health Quick Care Clinic! We can help you with conditions like bronchit\xe2\x80\xa6 https://t.co/j0aK02oAEs""","Lincoln, NE",-96.7025955,40.813616,"Nebraska"
"2/27/2019 18:00",1.10082e+18,"b'An adult can spread the virus from about 1 day before to 5 days after symptoms start. Learn what to expect when the\xe2\x80\xa6 https://t.co/eTx8Q1QNtL'","Irvington, NJ",-74.2286435,40.7263249,"New Jersey"
"2/27/2019 17:39",1.10081e+18,"b""Remember you don't need a test to diagnose #influenza https://t.co/jvuGSTRyH2""","Cincinnati, OH",-84.5120196,39.1031182,"Ohio"
"2/27/2019 17:38",1.10081e+18,"b'Who NEEDS testing for #influenza - not many actually. Do test Pregnant or other high-risk individuals or patients w\xe2\x80\xa6 https://t.co/F0erkGV3e7'","Cincinnati, OH",-84.5120196,39.1031182,"Ohio"
"2/27/2019 17:35",1.10081e+18,"b'The symptoms of #influenza virus include fever, cough, sore throat, runny nose, body aches, headache, chills and fatigue.'","Cincinnati, OH",-84.5120196,39.1031182,"Ohio"
"2/27/2019 17:34",1.10081e+18,"b'#Influenza #Flu TweetStorm commencing... NOW #FOAMed'","Cincinnati, OH",-84.5120196,39.1031182,"Ohio"
"2/27/2019 17:20",1.10081e+18,"b'#Vaccination does not guarantee immunity. Many do not respond to their vaccines and immunity wanes within 2-15 year\xe2\x80\xa6 https://t.co/92S0GE2YCf'","Michigan",-85.6023643,44.3148443,"State Not Found"
"2/27/2019 17:07",1.1008e+18,"b'#ACIP shows reassuring data showing NO association of spontaneous abortion with influenza vaccination, regardless o\xe2\x80\xa6 https://t.co/3JrcC6owmS'","Chicago, IL",-87.6297982,41.8781136,"Illinois"
"2/27/2019 17:03",1.1008e+18,"b'Oh no. #Influenza is on the rise again with a new strain hitting us.\n\nStill time to vaccinate:\n\xf0\x9f\x94\xb9the flu vaccine\xe2\x80\xa6 https://t.co/pry7lAiA4G'","Vacaville, CA",-121.9877444,38.3565773,"California"
"2/27/2019 16:29",1.1008e+18,"b'look what the wise Matt Williams sent me! #APBio #scienceisntdone #immunology #cellcommunication #influenza  https://t.co/XSJlCFFJ9i'","Bloomington, Indiana",-86.5263857,39.165325,"Indiana"
"2/27/2019 16:26",1.10079e+18,"b'#ACIP presents slide on negative outcomes averted as a result of influenza vacc this season! Think of the good we c\xe2\x80\xa6 https://t.co/UU8uQCVSDk'","Chicago, IL",-87.6297982,41.8781136,"Illinois"
"2/27/2019 16:22",1.10079e+18,"b'.@RepPaulMitchell #Vaccination does not guarantee immunity. Many do not respond to their vaccines and immunity wane\xe2\x80\xa6 https://t.co/cFPbMrXtX1'","Washington, MI",-83.0576156,42.7509332,"Michigan"
"2/27/2019 16:22",1.10079e+18,"b'.@SenGaryPeters #Vaccination does not guarantee immunity. Many do not respond to their vaccines and immunity wanes\xe2\x80\xa6 https://t.co/sgu6nnCgBi'","Washington, MI",-83.0576156,42.7509332,"Michigan"
"2/27/2019 16:22",1.10079e+18,"b'.@SenStabenow #Vaccination does not guarantee immunity. Many do not respond to their vaccines and immunity wanes wi\xe2\x80\xa6 https://t.co/GvMCXHQZc1'","Washington, MI",-83.0576156,42.7509332,"Michigan"
"2/27/2019 16:22",1.10079e+18,"b'.@realDonaldTrump #Vaccination does not guarantee immunity. Many do not respond to their vaccines and immunity wane\xe2\x80\xa6 https://t.co/yC1DmR9Tfd'","Washington, MI",-83.0576156,42.7509332,"Michigan"
"2/27/2019 16:22",1.10079e+18,"b'.@SecAzar #Vaccination does not guarantee immunity. Many do not respond to their vaccines and immunity wanes within\xe2\x80\xa6 https://t.co/ptR75hODBM'","Washington, MI",-83.0576156,42.7509332,"Michigan"
"2/27/2019 16:20",1.10079e+18,"b'Could it be #flu?  #influenza https://t.co/hn8JqgU5E3 https://t.co/ov377VLH2o'","US",-95.712891,37.09024,"Kansas"
"2/27/2019 16:07",1.10079e+18,"b'.@realDonaldTrump #Vaccination does not guarantee immunity. Many do not respond to their vaccines and immunity wane\xe2\x80\xa6 https://t.co/YeVmavg8uy'","New Jersey, USA",-74.4056612,40.0583238,"New Jersey"
"2/27/2019 16:07",1.10079e+18,"b'.@SecAzar #Vaccination does not guarantee immunity. Many do not respond to their vaccines and immunity wanes within\xe2\x80\xa6 https://t.co/jaBxqtMTM3'","New Jersey, USA",-74.4056612,40.0583238,"New Jersey"
"2/27/2019 16:04",1.10079e+18,"b'Note that Europe is experiencing a season where both H1 and H3 are equally prevalent. Indeed, the only two thing ce\xe2\x80\xa6 https://t.co/oBhuxX4VBt'","Chicago, IL",-87.6297982,41.8781136,"Illinois"
"2/27/2019 16:01",1.10079e+18,"b'Viracor\xe2\x80\x99s Baloxavir marboxil #Influenza A Antiviral Resistance #PCR test can help detect resistance in critical and\xe2\x80\xa6 https://t.co/Zve30019L2'","Lee's Summit, MO",-94.3821724,38.9108408,"Missouri"
"2/27/2019 15:57",1.10079e+18,"b""Winter isn't over yet! Remain alert when it comes to your family's flu risk:\nhttps://t.co/pLhncYUaRt\n\n#flu\xe2\x80\xa6 https://t.co/eUXYJuKErP""","731 Highway 35 Ocean, NJ 07712",-74.0381143,40.2276709,"New Jersey"
"2/27/2019 15:56",1.10079e+18,"b'#ACIP. While not as devastating as last year, flu continues to be a significant health and mortality burden in the\xe2\x80\xa6 https://t.co/hkcuu7qPDG'","Chicago, IL",-87.6297982,41.8781136,"Illinois"
"2/27/2019 15:36",1.10078e+18,"b'#Vaccination does not guarantee immunity. Many do not respond to their vaccines and immunity wanes within 2-15 year\xe2\x80\xa6 https://t.co/hXCwbUxxrU'","Calhoun, GA",-84.9510542,34.502587,"Georgia"
"2/27/2019 15:35",1.10078e+18,"b""I'm planning an #influenza #flu related tweetstorm in a little bit - try to get some misinformation out of the way\xe2\x80\xa6 https://t.co/tCHVDcWZ3f""","Cincinnati, OH",-84.5120196,39.1031182,"Ohio"
"2/27/2019 15:21",1.10078e+18,"b'.@SenGaryPeters #Vaccination does not guarantee immunity. Many do not respond to their vaccines and immunity wanes\xe2\x80\xa6 https://t.co/JHRbCfvK3Z'","Michigan, USA",-85.6023643,44.3148443,"State Not Found"
"2/27/2019 15:21",1.10078e+18,"b'.@SenStabenow #Vaccination does not guarantee immunity. Many do not respond to their vaccines and immunity wanes wi\xe2\x80\xa6 https://t.co/GqWDMMKXYh'","Michigan, USA",-85.6023643,44.3148443,"State Not Found"
"2/27/2019 15:21",1.10078e+18,"b'.@realDonaldTrump #Vaccination does not guarantee immunity. Many do not respond to their vaccines and immunity wane\xe2\x80\xa6 https://t.co/a9JUFCPdkt'","Michigan, USA",-85.6023643,44.3148443,"State Not Found"
"2/27/2019 15:21",1.10078e+18,"b'.@SecAzar #Vaccination does not guarantee immunity. Many do not respond to their vaccines and immunity wanes within\xe2\x80\xa6 https://t.co/kTffQmQCkw'","Michigan, USA",-85.6023643,44.3148443,"State Not Found"
"2/27/2019 15:11",1.10078e+18,"b'.@SenGaryPeters #Vaccination does not guarantee immunity. Many do not respond to their vaccines and immunity wanes\xe2\x80\xa6 https://t.co/GRPFbLuSE4'","St Clair Shores, MI",-82.8963604,42.4974085,"Michigan"
"2/27/2019 15:11",1.10078e+18,"b'.@SenStabenow #Vaccination does not guarantee immunity. Many do not respond to their vaccines and immunity wanes wi\xe2\x80\xa6 https://t.co/KVGNcrDYto'","St Clair Shores, MI",-82.8963604,42.4974085,"Michigan"
"2/27/2019 15:11",1.10078e+18,"b'.@realDonaldTrump #Vaccination does not guarantee immunity. Many do not respond to their vaccines and immunity wane\xe2\x80\xa6 https://t.co/0OAuba2FRa'","St Clair Shores, MI",-82.8963604,42.4974085,"Michigan"
"2/27/2019 15:11",1.10078e+18,"b'.@SecAzar #Vaccination does not guarantee immunity. Many do not respond to their vaccines and immunity wanes within\xe2\x80\xa6 https://t.co/rtDJU1co12'","St Clair Shores, MI",-82.8963604,42.4974085,"Michigan"
"2/27/2019 15:11",1.10078e+18,"b'Cleaning Emphasized As Flu Activity Ramps Up https://t.co/j2BOYOA2kW #centuryllc #flu #influenza #health'","Greensboro, NC",-79.7919754,36.0726354,"North Carolina"
"2/27/2019 15:01",1.10077e+18,"b'Info: #Organic St. Johns Wort extract is known 2fight against #depression, #influenza, #HIV, #Cold n #flu: #Herbs https://t.co/lNMxMyZk6O'","US",-95.712891,37.09024,"Kansas"
"2/27/2019 14:57",1.10077e+18,"b'#Vaccination does not guarantee immunity. Many do not respond to their vaccines and immunity wanes within 2-15 year\xe2\x80\xa6 https://t.co/4BpWAmDO2c'","Michigan, USA",-85.6023643,44.3148443,"State Not Found"
"2/27/2019 14:57",1.10077e+18,"b'#Vaccination does not guarantee immunity. Many do not respond to their vaccines and immunity wanes within 2-15 year\xe2\x80\xa6 https://t.co/UuQypJvEuU'","Whitehall, MI",-86.3486792,43.4100107,"Michigan"
"2/27/2019 14:51",1.10077e+18,"b'.@SenGaryPeters #Vaccination does not guarantee immunity. Many do not respond to their vaccines and immunity wanes\xe2\x80\xa6 https://t.co/xPSuK7ozxj'","Rochester, MI",-83.1338214,42.680588,"Michigan"
"2/27/2019 14:51",1.10077e+18,"b'.@SenStabenow #Vaccination does not guarantee immunity. Many do not respond to their vaccines and immunity wanes wi\xe2\x80\xa6 https://t.co/crrZeUmy6k'","Rochester, MI",-83.1338214,42.680588,"Michigan"
"2/27/2019 14:51",1.10077e+18,"b'.@realDonaldTrump #Vaccination does not guarantee immunity. Many do not respond to their vaccines and immunity wane\xe2\x80\xa6 https://t.co/2a32fCXbCC'","Rochester, MI",-83.1338214,42.680588,"Michigan"
"2/27/2019 14:51",1.10077e+18,"b'.@SecAzar #Vaccination does not guarantee immunity. Many do not respond to their vaccines and immunity wanes within\xe2\x80\xa6 https://t.co/nwdPHNIkQ2'","Rochester, MI",-83.1338214,42.680588,"Michigan"
"2/27/2019 14:48",1.10077e+18,"b'.@realDonaldTrump #Vaccination does not guarantee immunity. Many do not respond to their vaccines and immunity wane\xe2\x80\xa6 https://t.co/oyVpgsNQfO'","Denver",-104.990251,39.7392358,"Colorado"
"2/27/2019 14:48",1.10077e+18,"b'.@SecAzar #Vaccination does not guarantee immunity. Many do not respond to their vaccines and immunity wanes within\xe2\x80\xa6 https://t.co/aNZPnJzHcB'","Denver",-104.990251,39.7392358,"Colorado"
"2/27/2019 13:44",1.10075e+18,"b'@CDCgov @CDCFlu A #healthsurveillance snapshot of #Influenza #immunization among @DeptofDefense #healthcare workers\xe2\x80\xa6 https://t.co/9aRG0GrQQy'","Falls Church, VA",-77.1710914,38.882334,"Virginia"
"2/27/2019 12:39",1.10074e+18,"b'#Vaccination does not guarantee immunity. Many do not respond to their vaccines and immunity wanes within 2-15 year\xe2\x80\xa6 https://t.co/xxr5Q6oV2a'","Oakland County, Mi",-83.336188,42.5921924,"Michigan"
"2/27/2019 12:22",1.10073e+18,"b'It\'s kind of surprising to me that there is no recent data of ""high quality"". It would certainly be difficult to co\xe2\x80\xa6 https://t.co/mklIR05KY6'","Indianapolis, IN",-86.158068,39.768403,"Indiana"
"2/27/2019 10:46",1.10071e+18,"b'10 Tips to Control Asthma in Winter\n#asthma_symptoms #influenza #asthma_treatment #inhaler #Asthma\xe2\x80\xa6 https://t.co/PN4wQYjpcd'","Canada",-106.346771,56.130366,"State Not Found"
"2/27/2019 4:06",1.10061e+18,"b'.@RepDanKildee #Vaccination does not guarantee immunity. Many do not respond to their vaccines and immunity wanes w\xe2\x80\xa6 https://t.co/Ex5H4Faudn'","Auburn Hills, MI",-83.2341028,42.6875323,"Michigan"
"2/27/2019 4:06",1.10061e+18,"b'.@SenGaryPeters #Vaccination does not guarantee immunity. Many do not respond to their vaccines and immunity wanes\xe2\x80\xa6 https://t.co/PgRrLvr5by'","Auburn Hills, MI",-83.2341028,42.6875323,"Michigan"
