Date,ID,Tweet,Location
6/3/2019 1:09,1.10E+18,"b'Being sick SUCKS \xf0\x9f\x98\xb7\xf0\x9f\xa4\xa7\xf0\x9f\xa4\x92 but at least I have a cute boyfriend who is playing doctor, nurse, masseuse and all around bes\xe2\x80\xa6 https://t.co/JYxIsiTQ8K'","La Vista, NE"
6/3/2019 0:25,1.10E+18,"b'Apparently, wearing onions on the backs of your feet helps cure colds. After 10 days of suffering, I\xe2\x80\x99ll try almost\xe2\x80\xa6 https://t.co/8ImZ0PoU8e'","New York, NY"
5/3/2019 22:51,1.10E+18,"b""Oh. On said story, I've written 280 words....#fluseason""","Los Angeles, CA"
5/3/2019 22:27,1.10E+18,"b'\xe2\x9c\xa8 To keep your #house_clean and #disinfected always,\xe2\x99\xbb\xef\xb8\x8f\n You have to be careful where more bacteria are there so as\xe2\x80\xa6 https://t.co/tDYWGUACPy'",East TX
5/3/2019 22:27,1.10E+18,b'When you sneeze so hard that your shoulder hurts... \xf0\x9f\xa4\xa7\xf0\x9f\xa4\x92 #fluseason',"Knoxville, TN"
5/3/2019 21:16,1.10E+18,"b'Joeseph B. Friedman invented the \xe2\x80\x98bendy\xe2\x80\x99 straw in the 1930\xe2\x80\x99s, making drinking easier for sick people all over the world. #fluseason'","Atlanta, GA"
5/3/2019 21:09,1.10E+18,b'Genuinely don\xe2\x80\x99t remember the last time I got a good night\xe2\x80\x99s sleep. Def been over a week. #fluseason',Florida
5/3/2019 19:30,1.10E+18,b'Did the cold and flu make its way into your house this year? @todaysparent shares 5 nutritious &amp; delicious foods th\xe2\x80\xa6 https://t.co/Il60tFhfqA',"Mesa, AZ"
5/3/2019 19:30,1.10E+18,"b'With 15% of their staff out and 25% of students in 2 out of 5 schools absent, Wagoner Public Schools officials are\xe2\x80\xa6 https://t.co/j32g88kxNR'","Pleasanton, CA"
5/3/2019 18:57,1.10E+18,"b""Tips for helping patients manage the #Flu...\n\nAnd here's how US Med-Equip is helping healthcare providers and hospi\xe2\x80\xa6 https://t.co/dIzXXmWY3F""","Houston, TX"
5/3/2019 18:00,1.10E+18,"b'The #CDC Flu map for week 8 - ending February 23 - shows only Hawaii and Washington, D.C. without widespread influe\xe2\x80\xa6 https://t.co/SUrSb8PzFE'",Minnesota
5/3/2019 17:30,1.10E+18,b'Each year #FluSeason comes with a new vaccine to protect against a different strain of the flu virus. #UMaine resea\xe2\x80\xa6 https://t.co/FJU0Db823g',"Orono, ME"
5/3/2019 16:18,1.10E+18,b'@YaleEIP FluSurv-NET surveillance expertise is on the pulse of CT flu hospitalizations. Week 8 update for the 2018-\xe2\x80\xa6 https://t.co/E12OYAk7bo',"New Haven, CT"
5/3/2019 16:00,1.10E+18,"b'Its flu season, drink plenty of the right fluids and don\xe2\x80\x99t forget to change your toothbrush!\xe2\x80\xa6 https://t.co/D2b4fZk7S8'","Santa Barbara, CA"
5/3/2019 15:54,1.10E+18,"b""Flu? Cold? No matter what you're sick with, nothing is as bad as not having sub plans prepared. Luckily, we've got\xe2\x80\xa6 https://t.co/HZNblKRt6q""","Chicago, IL"
5/3/2019 15:19,1.10E+18,"b'Sick in bed today, my tummy hurts so much it just reminds me of all the times I missed school from getting sick \xf0\x9f\x98\xb7 \xf0\x9f\xa4\x92\xe2\x80\xa6 https://t.co/6wPQ0jtSDm'","Seattle, WA"
5/3/2019 15:07,1.10E+18,b'The office is one of the easiest places to catch the flu - Cleaning Will Help Workers Stay Healthy\xe2\x80\xa6 https://t.co/JHZUbhh1Gk',"Milwaukee, WI"
5/3/2019 14:43,1.10E+18,b'Do you get sick more often during the winter months? #fluseason #winterblues https://t.co/tluzvK9oKq',"Toronto, Ontario"
5/3/2019 13:38,1.10E+18,"b'@David_Suchet, may your little grey cells solve the case that is my horrendous flu. #poirot #agathachristie\xe2\x80\xa6 https://t.co/IV9ibyWW54'","Milwaukee, WI"
5/3/2019 13:05,1.10E+18,b'The Flu: What To Do If You Get Sick https://t.co/BU0c9Yb2XS via @CDCgov \n\n#flu #fluseason',"Indiana, PA"
5/3/2019 11:15,1.10E+18,b'If you are suffering from cold and flu then here are few best cold and flu medicines you need to check out. \n\nTo kn\xe2\x80\xa6 https://t.co/WhAgd0UXLl',United States
5/3/2019 8:07,1.10E+18,b'I wear my mask on my chin because my chin is broke out. My chin is broke out because I wear my mask on my chin. It\xe2\x80\x99\xe2\x80\xa6 https://t.co/vCxjWnZbRf',"Columbia, KY "
5/3/2019 2:48,1.10E+18,b'I\xe2\x80\x99ve been surrounded by so many sick people I should start using one of these at work: #fluseason #stayaway https://t.co/u43VWp7kjX',"Orchard Park, NY"
5/3/2019 2:37,1.10E+18,b'@David_Suchet may your little grey cells solve the case that is my horrendous flu. #poirot #agathachristie\xe2\x80\xa6 https://t.co/ovAg1c7HTD',"Milwaukee, WI"
5/3/2019 1:11,1.10E+18,b'Totally took from a FB xPost. Unknown OP. #HealthCareProblems #FluSeason #FunnyIsFunny https://t.co/lTAWGUzEpc',"Austin, TX"
5/3/2019 0:52,1.10E+18,b'It\xe2\x80\x99s the whole \xe2\x80\x9cenough energy\xe2\x80\x9d thing that\xe2\x80\x99s getting me this time around. \xf0\x9f\x98\x9e\xf0\x9f\x98\xb7 #fluseason #overit https://t.co/UXgpuaGiK2',"Kansas City, MO"
5/3/2019 0:25,1.10E+18,b'Here\xe2\x80\x99s you a little chuckle just in case you\xe2\x80\x99re looking for that good clean end-of-the-day-pick-me-up! Lol\n#chuckle\xe2\x80\xa6 https://t.co/7CxlubVPfU',United States
4/3/2019 23:37,1.10E+18,"b'A different strain of the flu virus, a ""variant"" virus, now accounts for 46.9% of cases, the Centers for Disease Co\xe2\x80\xa6 https://t.co/t0HZ1WSMlB'","Fort Worth, TX"
4/3/2019 21:20,1.10E+18,"b""When you're feeling #sick, when should you make an appointment with your doctor? https://t.co/RM6Qn9jPYs #fluseason\xe2\x80\xa6 https://t.co/xKmSVcRmb3""","Newport, RI"
4/3/2019 19:18,1.10E+18,b'Sorry for the inconvenience. Caught someone cold/ flu ugh and I got it bad. \n\n#cold #fluseason #offwork #bedrest\xe2\x80\xa6 https://t.co/B1NX90abVr',"Lake Forest, CA"
4/3/2019 19:08,1.10E+18,b'#MondayMotivation with MrSteam. Natural Ways to Combat the Cold and Flu Season https://t.co/VkE4TdNgTP #fluseason\xe2\x80\xa6 https://t.co/WFghspcCxf',"Long Island City, NY"
4/3/2019 19:00,1.10E+18,"b""We're about to be trapped in between flu and allergy season! Be prepared for your family's sake! #fluseason\xe2\x80\xa6 https://t.co/hZXR7FrHAB""","Bedford, TX"
4/3/2019 18:27,1.10E+18,b'Follow @CDCFlu for #fluseason updates and tips to protect yourself and your family from #flu.\xe2\x80\xa6 https://t.co/HjQ4Yk0NrR',"Atlanta, GA"
4/3/2019 18:21,1.10E+18,"b""#DidYouKnow that there's new technology available to help diagnose the flu faster? Find out more about it, plus mor\xe2\x80\xa6 https://t.co/1ECzVufjLa""","Missouri, USA"
4/3/2019 18:02,1.10E+18,"b'FMA preferred vendor @FloridaRXCard could save your patients up to 75% on prescription medications at 68,000-plus r\xe2\x80\xa6 https://t.co/gi99XQGfCH'","Tallahassee, FL"
4/3/2019 17:45,1.10E+18,"b""The latest CDC flu forecast predicts that the #flu is peaking and will continue this month. Here's what patients ca\xe2\x80\xa6 https://t.co/KgKmCYyJQ6""","Mobile, AL"
4/3/2019 17:37,1.10E+18,b'How many teachers and school staff need this contraption #fluseason https://t.co/xZHK5OKb5R',Chesapeake City MD 
4/3/2019 17:09,1.10E+18,b'Spot flu symptoms in kids and know your treatment options. #flushot #fluseason #flu https://t.co/6Ht024xVOe',"St. Louis Park, MN"
4/3/2019 17:00,1.10E+18,b'#MondayMotivation: Beat the #Flu in the office this #FluSeason with these expert tips: https://t.co/ckt25mysJk',"Illinois, USA"
4/3/2019 16:58,1.10E+18,"b""Some flu vaccines are made with a bit of egg protein, so those with an egg allergy shouldn't seek out this vaccine.\xe2\x80\xa6 https://t.co/MEvaKscT4W""","Sugar Land, TX"
4/3/2019 15:54,1.10E+18,b'.@BGOV @business The Flu Is Spreading Across America a Little Later This Season https://t.co/Wmgz2WqmA1 @FayCortez\xe2\x80\xa6 https://t.co/Lvm1RpyrTE',"Washington, DC"
4/3/2019 15:35,1.10E+18,b'When you\xe2\x80\x99re at the dr office for routine labs and you\xe2\x80\x99re asked to wear a mask. Room full of people with masks!\xe2\x80\xa6 https://t.co/iy6X2LE5sS',"Campobello, SC"
4/3/2019 14:00,1.10E+18,b'The #fluseason shows signs of peaking. Get the details: https://t.co/KNX6qVFc69 https://t.co/gExxQax9kL',"Rockville, Maryland, USA"
4/3/2019 13:58,1.10E+18,b'I\xe2\x80\x99m taking so much Viramin C right now that I\xe2\x80\x99m gonna turn into an orange! \xf0\x9f\xa4\xa6\xf0\x9f\x8f\xbc\xe2\x80\x8d\xe2\x99\x80\xef\xb8\x8f\xf0\x9f\x8d\x8a #fluseason #idontwannagetsick https://t.co/lj8q74y6WK',Stanly County
4/3/2019 3:59,1.10E+18,b'Flu season is in FULL EFFECT! The flu vaccine is safe for anyone over the age of 6 months and does not cause the fl\xe2\x80\xa6 https://t.co/JR8UQ6KP6F',"New Orleans, LA"
4/3/2019 3:11,1.10E+18,"b'Sick for almost 24 hours now...the amount of chicken soup, kombucha and of course red wine dropped off has been unr\xe2\x80\xa6 https://t.co/I99YRXRkKd'","Denver, CO"
4/3/2019 1:54,1.10E+18,"b'Very nice lady working at CVS looked at me and said, \xe2\x80\x98Cody you don\xe2\x80\x99t look so good\xe2\x80\x99 I managed a weak smile, sniffled\xe2\x80\xa6 https://t.co/XyUfcliIVA'","Sacramento,CA"
4/3/2019 0:37,1.10E+18,"b'I swear, the epicenter of all diseases plaguing mankind is the kids in my home. #FluSeason'","Provo, UT"
3/3/2019 23:57,1.10E+18,b'This is how I feel. #SickDay #DamnKids #FluSeason #MoreTissuesPlease #TeaAndHoney https://t.co/eaGu4K4AJU',"left coast, usa"
3/3/2019 23:00,1.10E+18,b'Not sure about what #InfectionControl precautions you should take during #FluSeason? Dr. Sarah Bell-West has 5 tips\xe2\x80\xa6 https://t.co/2IxL4DXNKI',"Pleasanton, CA"
3/3/2019 18:57,1.10E+18,"b'This has been the worst cold &amp; flu season ever, I swear. Agony. Strep twice, healdcolds, flu, sinus infections, you\xe2\x80\xa6 https://t.co/8kxfnDob83'","Utah, USA"
3/3/2019 18:46,1.10E+18,"b""#Moms and #dads.... don't make this mistake: ALWAYS use the dosing device that comes with your child's medicine\xe2\x80\xa6 https://t.co/MSzJ6Y2fV5""","Washington, DC"
3/3/2019 18:24,1.10E+18,"b""@JellyRoll615 liked my response and now I feel like I'm on a high. Being covered this weekend in a 9yr old's vomit\xe2\x80\xa6 https://t.co/4UpJ6dRnCt""","Virginia, USA"
3/3/2019 17:30,1.10E+18,b'Health Department: 13 flu deaths in R.I. this winter https://t.co/W67Tilimcs \n\n#health #fluseason #flu',"Indiana, PA"
3/3/2019 17:15,1.10E+18,"b'#FluSeason is upon us...make sure you know the complications associated with influenza, described in detail in the\xe2\x80\xa6 https://t.co/1kJ3MDgcKZ'","Norcross, GA"
3/3/2019 15:56,1.10E+18,b'Making sure momma is getting better #frisky #dailydoseoffrisky #flu #fluseason #catmom #catmomlife #furmom #furkid\xe2\x80\xa6 https://t.co/Fxt24ETxMi',"Columbus, Ohio"
3/3/2019 2:29,1.10E+18,"b'101 degree fever, weak and sick a\xe2\x80\x99f, and he\xe2\x80\x99s by my side #furryfriend #fluseason https://t.co/n9lh0ApRzC'","Zena, Oklahoma"
2/3/2019 22:53,1.10E+18,"b""...even though i feel like I'm going to puke every sprinkle of this cake up, I'll be fine. Because that's what we d\xe2\x80\xa6 https://t.co/GzyGmafLHY""","Little Rock, Arkansas"
2/3/2019 22:36,1.10E+18,"b""As I sit here and wait for our party guess... I'm trying to decide if I'm going to hide from the kids or hide from\xe2\x80\xa6 https://t.co/gxuyqgtURP""","Little Rock, Arkansas"
2/3/2019 21:50,1.10E+18,b'Nearing peak of #fluseason according to data from @CDCFlu: https://t.co/VTjotfwzMI. https://t.co/1lI10QZPwJ',"Mountain View, CA"
2/3/2019 21:40,1.10E+18,b'This flu caused me to lose about 7 lbs #StillHaventEatenMuch #FluSeason',Ohio
2/3/2019 20:05,1.10E+18,b'Winter is here and so is the flu! Know the symptoms and fight the flu this season with helpful information at\xe2\x80\xa6 https://t.co/XbFGsZ1p9q',Connecticut & Rhode Island
2/3/2019 19:24,1.10E+18,"b'We still have one old threat about to hit us hard \xe2\x80\x93 again! Viral illnesses, like the flu,  are classically quick to\xe2\x80\xa6 https://t.co/YBqFMvxQxg'","Jacksonville,FL"
2/3/2019 17:40,1.10E+18,b'Kind of excited to be leaving the house for the first time in four days. #fluseason',Toronto
2/3/2019 17:04,1.10E+18,b'This needs to be a thing. #whenmomissick #momproblems #momlife #fluseason #fluseasonsucks https://t.co/OOZytJic4m',"New York, NY"
2/3/2019 16:46,1.10E+18,"b'\xf0\x9f\x92\xa5Woke Up Feeling Sick, But We Still Gone Celebrate You\xe2\x9d\x97\xf0\x9f\x92\xa5 #GoldenChild #FluSeason #BirthdayGirl #Pisces https://t.co/zJmTGH6aT9'","Little Rock, Arkansas"
2/3/2019 16:07,1.10E+18,b'Flu season worsens as swine flu cases increase... https://t.co/mMH2x9MVkm #fluseason #flu #2019flu #flushot\xe2\x80\xa6 https://t.co/GqONgSKb4I',"Walnut Creek, California"
2/3/2019 13:42,1.10E+18,"b""#FluSeason is hitting it's stride in NY, but there's still time to get your #FluShot! #StonyBrookU's Dr. Susan Done\xe2\x80\xa6 https://t.co/KmJ9xs98Pf""","Stony Brook, NY"
2/3/2019 11:55,1.10E+18,"b""Slow start, but it's not over yet: 5 things to know about this year's #fluseason - https://t.co/SivYsMLtxE\xe2\x80\xa6 https://t.co/ecWr66Vt6g""","Clarks Summit, PA"
2/3/2019 11:14,1.10E+18,b'In other news...I wish people would stop pushing flu shots. My husband is forced to get them and guess what? He get\xe2\x80\xa6 https://t.co/h3qtnl8zP6',"Norfolk, VA"
2/3/2019 6:39,1.10E+18,"b'Based on how many encouraging high fives and fist bumps I\xe2\x80\x99ve given my volunteers and staff this week, I don\xe2\x80\x99t think\xe2\x80\xa6 https://t.co/6zrvc1eVoO'","Kansas City, MO"
2/3/2019 5:07,1.10E+18,"b'I hope it\xe2\x80\x99s not an omen, but I was awoken at 12 on MATCHDAY 1 to my daughter, literally, shitting the bed.\xe2\x80\xa6 https://t.co/8hTFI4dvk7'","Winter Springs, FL"
2/3/2019 4:17,1.10E+18,"b'Sick and tired of being sick and tired, never taking my health for granted again #FluSeason'","Ottawa, Ontario"
2/3/2019 3:03,1.10E+18,"b""\xf0\x9f\x98\xb7I'm not giving you head if I'm sick.\xf0\x9f\xa4\x94 Your pene can wait till i get my body together. #ThatsNasty #FluSeason  #SniffSniffCough""","Little Rock, Arkansas"
2/3/2019 2:41,1.10E+18,b'You ever been sick and had to wrestle a 2 year old to sleep. \xf0\x9f\x98\x96 \n#FluSeason #momlife',"Little Rock, Arkansas"
2/3/2019 0:45,1.10E+18,b'#Fluseason is here. Germs are everywhere. Even in your car. Disinfecting wipes help clean bacteria-prone surfaces l\xe2\x80\xa6 https://t.co/ai5quql45R',"St. Albert, Alberta"
1/3/2019 23:16,1.10E+18,"b'When your inlaws live in the middle of nowhere, you drive 2hrs for urgent care \n.\n.\n.\n#sick\n#currentsituation\xe2\x80\xa6 https://t.co/SuZiUyBkxn'","Raleigh, NC"
1/3/2019 22:43,1.10E+18,b'My week ended with having 10 kids sick and throwing up in the classroom so that was fun #middleschool #fluseason',"Chicago, IL"
1/3/2019 22:15,1.10E+18,b'The perfect immune boosting soup! #healthyliving #healthyeats #soup #immunebooster #fluseason #coldseason\xe2\x80\xa6 https://t.co/ksWX138Yzs',"Bridgeport, CT"
1/3/2019 20:00,1.10E+18,"b'Cold and flu season brings sleepless nights consoling sick, coughing kids.\xc2\xa0 But as you reach for relief inside the\xe2\x80\xa6 https://t.co/xrkNOIiTsr'","Tucson, AZ"
1/3/2019 19:52,1.10E+18,b'Is It a Cold or the Flu? How to Tell the Difference https://t.co/kI524qZran #fluseason #health',"Small Town, USA"
1/3/2019 18:52,1.10E+18,b'SICKNESS KILLED OUR PANTRY CHALLENGE! \xf0\x9f\x98\xa9 https://t.co/hgJ7f0GFjt #frugalliving #fluseason #pantrychallenge',"Ohio, USA"
1/3/2019 18:51,1.10E+18,b'So my husband has been home the last 2 days with the flu....he\xe2\x80\x99s not a bad patient....I just feel like I need to pr\xe2\x80\xa6 https://t.co/3KtA5JMWrd',texas
1/3/2019 18:30,1.10E+18,b'Stay vigilant and keep up your prevention habits like washing your hands often. #fluseason #influenza  https://t.co/ZhUhdFOK57',"Omaha, NE"
1/3/2019 18:26,1.10E+18,"b""Here's how we are helping doctors and hospitals treat #flu patients and save lives: https://t.co/fGCoa6OQXp\xe2\x80\xa6 https://t.co/eehlCtxQlT""","Houston, TX"
1/3/2019 18:03,1.10E+18,"b'Oh no no no no no, I cant be getting a sore throat\xf0\x9f\x98\xa9\xf0\x9f\x98\xb7 #fluseason #alwayssick'",Florida
1/3/2019 18:00,1.10E+18,"b""It's still #fluseason! Remember, if you're caring for children, prevent spread of #flu. Call your\xe2\x80\xa6 https://t.co/fYLKp7ffZr""","Las Vegas, Nevada"
1/3/2019 16:51,1.10E+18,b'The Canadian non-profit group paid for 50 digital billboards that were placed across the city that implied that vac\xe2\x80\xa6 https://t.co/f41HczoUSw',"Toronto, Ontario"
1/3/2019 16:40,1.10E+18,"b""@mari_salinas12 Haha! Germs! I didn't even think about that. It's a valid point though. #fluseason. I DON'T. KNOW.\xe2\x80\xa6 https://t.co/aHpB6eCRrl""",Big Texas
1/3/2019 16:35,1.10E+18,b'Flu season is still in effect. Are you doing all that you can to stay healthy? There are simple preventatives one c\xe2\x80\xa6 https://t.co/HfBkRrNVzF',"Burton, MI"
1/3/2019 16:22,1.10E+18,b'Wonder why BMC has been MIA? #fluseason #undertheweather #hightemperature #sicknessisnofun #wanttogetbetter\xe2\x80\xa6 https://t.co/LIsLLxHcp3',Maine
1/3/2019 15:39,1.10E+18,"b""New @CDCgov estimates put this #fluseason's death toll somewhere in the low 20,000s. \n\n100 years ago, with no effec\xe2\x80\xa6 https://t.co/BaiW31BWEk""",Ann Arbor
1/3/2019 14:01,1.10E+18,"b""'Tis The Flu Season. Check out these tips and stay healthy. \n\nhttps://t.co/UZ6RGDdBrp\n\n#forbesmusic #fluseason\xe2\x80\xa6 https://t.co/m9ow7t33MQ""",United States
1/3/2019 12:30,1.10E+18,"b""Flu season is slowing down\xe2\x80\x94but it's not over. Check out these health tips to maximize the chances of staying flu-fr\xe2\x80\xa6 https://t.co/AGxkbKrftE""","Sleepy Hollow, New York"
1/3/2019 9:04,1.10E+18,b'#FluSeason enough said.',"Tulsa,Ok"
1/3/2019 5:20,1.10E+18,b'What is the flu shot made out of? https://t.co/FOBd1hSUt3 Read our blog to learn more about it. #fluseason #flushot https://t.co/2IjLJ24qNk',"Las Vegas, NV & Chicago, IL"
1/3/2019 5:00,1.10E+18,b'Did you remember your #flushot? Here are 5 ways to make it easy to protect yourself and your community from the flu\xe2\x80\xa6 https://t.co/fr1m0M6gRU',San Francisco
1/3/2019 4:49,1.10E+18,b'I just googled \xe2\x80\x9cmixing gin and NyQuil\xe2\x80\x9d... \xf0\x9f\xa4\xa6\xf0\x9f\x8f\xbc\xe2\x80\x8d\xe2\x99\x80\xef\xb8\x8f  I guess I\xe2\x80\x99ll party that flu out of my system in no time...\xf0\x9f\x98\x8f @NyQuilDayQuil #FluSeason',"New York, NY"
1/3/2019 3:45,1.10E+18,"b""Many people aren't aware of the differences between a cold and the flu...\nWhat are the warning signs you have influ\xe2\x80\xa6 https://t.co/vUu5XqKf2B""","Fort Smith, AR"
1/3/2019 3:09,1.10E+18,"b'Some symptoms of the flu are fever, chills, cough, &amp; sore throat, but did you know not everyone with the #flu will have a fever? #fluseason'","Paragould, AR"
1/3/2019 1:41,1.10E+18,b'Flu Season Has Schools Increasing Disinfection https://t.co/dLBz4a0OHL #centuryllc #fluseason #disinfecting',"Greensboro, NC"
1/3/2019 1:32,1.10E+18,b'\xf0\x9f\x98\xb7 Kris Jenner\xe2\x80\x99s Big Coverup At The Hospital After Taking Sick Mom Mary Jo!\n@kuwtk @krisjenner #krisjenner\xe2\x80\xa6 https://t.co/8NHHtkzVAR',"Hollywood, Los Angeles"
1/3/2019 0:23,1.10E+18,"b""#IntrovertCuties Good thing I don't look how I feel. #FluSeason https://t.co/GCtmnDhmgc""","Little Rock, Arkansas"
1/3/2019 0:23,1.10E+18,b'I\xe2\x80\x99m the only one in my house without the flu and I intend to keep it that way \xf0\x9f\x98\xb7 #FluSeason #FluFighter #MomLife https://t.co/N2Vr3r91lz',"Harrisburg, PA"
28/02/19 23:46,1.10E+18,b'Are You Guilty of Sick-Shaming? You May Be Doing Your Company a Favor https://t.co/VlC17PCUro via @Inc #fluseason #YorkRegion',"Woodbridge, ON"
28/02/19 22:45,1.10E+18,b'Omgggg the flu has destroyed our house.. i feel so bad for the lil ones :( and i havent slept in two days #fluseason #fucktheflu',"Connecticut, USA"
28/02/19 22:20,1.10E+18,b'How to protect yourself from the #flu! #FluSeason https://t.co/NQWLOjW59N',"Texas, USA"
28/02/19 21:48,1.10E+18,"b""A Guide to Puritan's Specimen Collection Systems for Diagnostics - https://t.co/zucCyOhYMa #Diagnostics\xe2\x80\xa6 https://t.co/eUN43kiuPt""","Guilford, Maine"
28/02/19 21:11,1.10E+18,b'Get the latest updates on #influenza and this #fluseason by following @CDCFlu. https://t.co/WuPrWh2l8G',"Atlanta, GA"
28/02/19 20:20,1.10E+18,b'I think our office admin is trying to tell us to something...\n#fluseason #sick #stayathome #germs #coughcough\xe2\x80\xa6 https://t.co/cHmofPEeAA',"San Antonio, Texas"
28/02/19 20:07,1.10E+18,b'An @ArabCitySchools student is using the Clorox\xc2\xae Total 360\xc2\xae System to prevent his fellow classmates from getting si\xe2\x80\xa6 https://t.co/q3eocbkB1F',"Pleasanton, CA"
28/02/19 20:01,1.10E+18,b'Are you trying to find ways to stay healthy this flu season? Buy a house plant! Learn why having plants at home can\xe2\x80\xa6 https://t.co/NsgWl3J26z',"Santa Fe, NM"
28/02/19 20:00,1.10E+18,b'Is your little one feeling under the weather? This helpful guide includes some tips for when you should keep them h\xe2\x80\xa6 https://t.co/EDibbPIvIC',"Austin, Texas"
28/02/19 19:44,1.10E+18,"b'Did you know that while the #fluseason officially lasts from October to May, the majority of flu cases occur betwee\xe2\x80\xa6 https://t.co/xJWzQ2vYQH'","Austin, Texas"
28/02/19 19:37,1.10E+18,b'We\xe2\x80\x99re still in the thick of cold &amp; flu season so it\xe2\x80\x99s important to keep the spread of germs at bay. What are some o\xe2\x80\xa6 https://t.co/gfl7RrKGzA',Canada
28/02/19 19:28,1.10E+18,b'5 things to know about cold medicines.\n\n#health #cold #coldflu #FluSeason \n\nhttps://t.co/QrTuUM5T4r https://t.co/96U8UZyv0S',"Providence, RI"
28/02/19 19:20,1.10E+18,b'\xf0\x9f\x9a\xa8WARNING\xf0\x9f\x9a\xa8PSA!!! \nHigh flu activity detected in #NYC!\nProtect yourself and your family by getting your flu shot toda\xe2\x80\xa6 https://t.co/T0dOVQYNKo',"New York, USA"
28/02/19 18:20,1.10E+18,"b""Tonight's Community meeting at SMS has been canceled due to illness and to allow our custodial staff sufficient tim\xe2\x80\xa6 https://t.co/bzkdNqBCz8""","Savannah, MO"
28/02/19 18:13,1.10E+18,b'Prevention or not you could still catch the flu! @KenRedcrossMD tells you what symptoms to pay attention to and how\xe2\x80\xa6 https://t.co/yfGGJ4MWKf',New York City
28/02/19 18:05,1.10E+18,b'Atlantic Ultraviolet Has Installed a Sanitaire UV-C Room Air Sanitizer to Protect Occupants from Infection due to F\xe2\x80\xa6 https://t.co/yUQdCKKe3d',"Hauppauge, NY"
28/02/19 17:54,1.10E+18,"b""It's not too late to help protect your child this #FluSeason with the flu vaccine!  Learn more from @CDCFlu today!\xe2\x80\xa6 https://t.co/2JoBMBn3Ga""",Texas
28/02/19 17:10,1.10E+18,"b'Everybody: Well, I guess Cold and #FluSeason is over. \nFlu: https://t.co/3rRN6KvPcD'","Austin, TX"
28/02/19 16:50,1.10E+18,b'IF YOU COUGH AND DONT COVER YOUR MOUTH YOU HAVE NO FUCKEN MANNERS WHAT SO EVER. MY CO WORKER KEEPS COUGHING ALL OVE\xe2\x80\xa6 https://t.co/GNYNJ1aMZ4',"Whitestone, Queens"
28/02/19 16:25,1.10E+18,b'Covering your nose when you sneeze is just one of the ways you can protect your family and others during the\xe2\x80\xa6 https://t.co/M0zTfXLnW7',"Toronto, ON"
28/02/19 15:37,1.10E+18,b'I am sitting in the library of a medical school. Everyone around me is sneezing. I am OUT of here! The hell?!\xe2\x80\xa6 https://t.co/QHCrbhAgtG',Earth.
28/02/19 15:10,1.10E+18,"b'#ad New blog post is up! Go-to relief routines to beat cold, cough and fly fast! Head to Kroger for cold season ess\xe2\x80\xa6 https://t.co/kt72SAh8Zj'","Washington, DC"
28/02/19 14:36,1.10E+18,"b""What this means --&gt; keep washing your hands, covering your coughs and staying home if you don't feel well. Protecti\xe2\x80\xa6 https://t.co/DWy4f9oE34""","Liberty, Missouri"
28/02/19 14:36,1.10E+18,b'Wondering what #fluseason is looking like in Clay County so far? Check out the latest weekly report! So far this se\xe2\x80\xa6 https://t.co/PUyJg76QoJ',"Liberty, Missouri"
28/02/19 13:30,1.10E+18,b'Kick your cold and #flu to the curb with these tips and tricks plus my favourite immune boosting #supplements!\xe2\x80\xa6 https://t.co/9Z9qLdnFqb',"Toronto, Ontario"
28/02/19 13:12,1.10E+18,b'Complications of #flu I saw on recent weeks of service:\n- polymicrobial lung abscess \n- #Actinomyces empyema \n- Enc\xe2\x80\xa6 https://t.co/17TRpyhiNP',"Boston, MA"
28/02/19 12:15,1.10E+18,"b""I've been so sick that the fever I think cooked my brain a bit. I have zero smart things floating in it right now.\xe2\x80\xa6 https://t.co/ztfzDkg4DY""","Vermont, USA"
28/02/19 7:25,1.10E+18,b'#fluseason It is real gang. 7 had his #flushot in the fall &amp; he still got it.  Hit hard today &amp; this darn #Fever is\xe2\x80\xa6 https://t.co/QnyoTKiDQW',"Ohio, USA"
28/02/19 5:19,1.10E+18,b'Any other ED nurses out there getting their asses kicked recently? #FluSeason  #5150 #frequentflyer #misseddialysis\xe2\x80\xa6 https://t.co/ROO3C7vtwW',"Los Angeles, CA"
28/02/19 1:28,1.10E+18,b'Long evening at the Er with my babygirl #fluseason',"Lake City, FL"
28/02/19 0:56,1.10E+18,b'So many are excited about State \xf0\x9f\x8f\x80Tournament time but I\xe2\x80\x99m at home this week...... #FluSeason #NeedVacations https://t.co/www2ukwVzn',"Des Moines, Iowa"
28/02/19 0:13,1.10E+18,b'Flu = every parent\xe2\x80\x99s worst nightmare. We\xe2\x80\x99ve been exposed. And now 4-year-old E is home for 5. More. Days.\xe2\x80\xa6 https://t.co/Mfcp2AfPGe',"Prairie Village, KS"
28/02/19 0:00,1.10E+18,b'Both traditional and scientific evidence show that Elderberry supports the immune system and can even play a part i\xe2\x80\xa6 https://t.co/ZjTQCLydgM',"Corvallis, OR"
27/02/19 23:10,1.10E+18,b'Read for facts about the flu and tips for how to stay healthy through the season!\n\n#flushot #fluseason #babyhealth\xe2\x80\xa6 https://t.co/27w8l8bvr4',"Santa Monica, CA"
27/02/19 22:58,1.10E+18,b'The flu is hitting HARD this year in #santaclarita but we have all you need for everyone in your family to stay hea\xe2\x80\xa6 https://t.co/KL2xHeeOg6',"Santa Clarita, CA"
27/02/19 22:46,1.10E+18,b'Help!  #fluseason is in full swing.  Please help my class stay healthy @DonorsChoose! @glogerm @Clorox  https://t.co/m0j1EnUmsp @klillico72',"Wauchula, FL"
27/02/19 22:38,1.10E+18,b'Almost made it another year without getting sick \xf0\x9f\x98\xb7 \xf0\x9f\xa4\x92 #fluseason #chickensoup #theraflu #herbaltea #honey\xe2\x80\xa6 https://t.co/KaCH8CwjXr',"Los Angeles, CA"
27/02/19 22:28,1.10E+18,b'Why am I sick right now???? I am a ball of Vitamin C!!!!!! \xf0\x9f\x8d\x8a\xf0\x9f\xa4\xa7\xf0\x9f\x8d\x8a\xf0\x9f\xa4\xa7 #FluSeason',"Syracuse, NY"
27/02/19 21:53,1.10E+18,"b'Is it the #flu or something else? @KenRedcrossMD talks to @linordmoudou @VOA_News ""Health Chat"" about symptoms that\xe2\x80\xa6 https://t.co/RYCh01SOR0'",New York City
27/02/19 21:45,1.10E+18,"b""As we get through #FluSeason, here's a look at the important role pharmacists play in helping communities stay heal\xe2\x80\xa6 https://t.co/yXIoWAPSLh""","New York, NY"
27/02/19 21:19,1.10E+18,b'Sick leave due to colds is currently estimated to cost U.S. businesses $576 billion each year. 80% of all infection\xe2\x80\xa6 https://t.co/JFxgGZ6wHt',United States
27/02/19 21:05,1.10E+18,b'First time in along time my body feels sicker than my thoughts \n#fluseason',"Malvern, OH"
27/02/19 21:00,1.10E+18,b'Its Flu Season!\nBoost your immunity with hot Lemon Water and Homemade Chicken soup.\nDetox and eat healthy.\xe2\x80\xa6 https://t.co/6rULcvMbsv',"Rosemead, CA"
27/02/19 20:37,1.10E+18,"b""The 'herd' in herd immunity is crumbling. \n#VaccinesWork #measlesoutbreak #fluseason #FluShot #pertussis https://t.co/NQcVqLy9Lv""","Los Angeles, CA"
27/02/19 20:23,1.10E+18,b'Today at work I counted all our tootsie rolls and the proceeded to purell all my electronics. #FluSeason',"Ames, IA"
27/02/19 19:55,1.10E+18,b'Start your day right with #BoostPower \xf0\x9f\x8d\x8a #life #healthy #health #fluseason #vitaminC #allergy https://t.co/GgSkMHClzA https://t.co/orrEPWcvxa',"Houston, TX"
27/02/19 19:50,1.10E+18,b'It\xe2\x80\x99s only a matter of time before you catch the dreaded flu \xf0\x9f\xa4\xa7 boost your immune system today with these 5 delicious\xe2\x80\xa6 https://t.co/N0y56oaSqG',"Toronto, Ontario"
27/02/19 19:37,1.10E+18,"b""If you're a SEC3URE member and haven't been vaccinated this #fluseason, take advantage of our member-only immunizat\xe2\x80\xa6 https://t.co/vqMLSf8IzY""","Flower Mound, TX"
27/02/19 19:34,1.10E+18,"b'#SpreadLove, not #germs this #fluseason with @bathandbodyworks Gentle Foaming Hand Soaps &amp; PocketBac Hand Sanitizer\xe2\x80\xa6 https://t.co/r7DViEIp0a'","Lawton, OK"
27/02/19 18:51,1.10E+18,b'Trying to stay well during #fluseason + the #solarflare has me drinking buffalo broth + dosing elderberry syrup + ginger. \xe2\x9c\xa8',"Charlotte, NC"
27/02/19 17:06,1.10E+18,"b'Traveling is tiring, but getting sick while traveling, can ruin the trip. Here are 10 Ways to Avoid Getting Sick Wh\xe2\x80\xa6 https://t.co/gJWQez0PH1'","Virginia Beach,VA"
27/02/19 16:24,1.10E+18,b'The latest CDC flu forecast predicts #fluseason is likely peaking but that activity will remain elevated in the U.S\xe2\x80\xa6 https://t.co/vDHGqD60AR',"Atlanta, GA"
27/02/19 16:04,1.10E+18,"b'Bad idea thinking I could go back to work today, even with medicine all I want to do is sleep. \xf0\x9f\x98\xa9 #fluseason'",Florida
27/02/19 16:00,1.10E+18,b'Protect your family and friends this winter. \nhttps://t.co/yERQlYiEoz \n\xe2\x80\xa6..\n#Clovis #Fresno #ClovisUrgentCare\xe2\x80\xa6 https://t.co/KUFRqcaCc0',Clovis
27/02/19 15:41,1.10E+18,"b""Got the flu and don't know where to go for treatment? Medical experts recommend urgent care over emergency rooms fo\xe2\x80\xa6 https://t.co/Vto1vVtZGs""",Western North Carolina
27/02/19 15:39,1.10E+18,b'Kingstowne Patch\n#AmberleighHOA #FluSeason https://t.co/R0WoLl76BY',"Fairfax County, VA"
27/02/19 15:26,1.10E+18,"b'#Employers, do you have a #BackUp plan for #FluSeason? Help your #employees get to work and be their best for your\xe2\x80\xa6 https://t.co/sWaym4t4Dr'","Tucson, AZ"
27/02/19 15:23,1.10E+18,b'Feeling under the weather? Call us today to see how we can help you live your best life today!  #Health #Wellness\xe2\x80\xa6 https://t.co/V3bQ3xgIEl',"Carrollton, TX"
27/02/19 14:50,1.10E+18,"b'Will Your #FluShot Weaken as #FluSeason Drags On? Read what Ann Falsey, MD had to say - https://t.co/XvyfwtiW1G'","Rochester, NY"
27/02/19 14:20,1.10E+18,"b""@Uber Driver:  Did you just disinfect my backseat with baby wipes??\nMe:  YUP!  You're welcome!\n#carpool #uberpool #fluseason #germs""","brooklyn, ny"
27/02/19 13:47,1.10E+18,b'@mushwear @JFan57 @MegTheSavage Happy Birthday Meg\xf0\x9f\x8e\x82! Hope your son feels better #FluSeason https://t.co/zIzZcHw4hU',"Pennsylvania, USA"
27/02/19 13:01,1.10E+18,"b'Cold &amp;  flu season is in full swing... wet, cold &amp; windy weather create a haven for bacteria &amp; viral strains.  Prot\xe2\x80\xa6 https://t.co/Rew0fIRCRx'","Easton, MD"
27/02/19 12:34,1.10E+18,b'\xf0\x9f\x8e\xb6 And another one\xf0\x9f\x98\x82\xf0\x9f\xa4\xa3\xf0\x9f\x98\x82 #allidoiswin #delirious #fluseason https://t.co/qsclR87l9Q',"Pennsylvania, USA"
27/02/19 12:08,1.10E+18,"b'It is not too late to get your flu vaccine. When it comes to your home or workspace, it\xe2\x80\x99s a good idea to \xe2\x80\x9cwipe down\xe2\x80\xa6 https://t.co/sh9KUT0APr'",WilniseJasmin@JHU.edu
27/02/19 1:39,1.10E+18,b'You should be sentenced to jail time if you knowingly go to work with the flu. Only a \xe2\x80\x9cdick man\xe2\x80\x9d would do something\xe2\x80\xa6 https://t.co/tYKTXmWYo9',Niagara Falls
27/02/19 0:45,1.10E+18,"b'Do you know how a vaccine can induce an autoimmune reaction? Have you ever experienced this and, if so, from what v\xe2\x80\xa6 https://t.co/EPUGSs9UYi'","Newport Beach, CA"
26/02/19 23:24,1.10E+18,"b'My son napped on the couch for 3 hours, then woke up and demanded chocolate milk and PJ Masks. Hopefully that\xe2\x80\x99s a good sign. #FluSeason'","West Virginia, USA"
26/02/19 23:16,1.10E+18,b'That feeling when you\xe2\x80\x99re sick #FluSeason #WhyMe #TuesdayTruths https://t.co/ejYIlSN4rL',United States
26/02/19 23:00,1.10E+18,b'Studies have looked at CBD\xe2\x80\x99s effect on the immune system &amp; have found that CBD is an immunomodulator\xe2\x80\x94it can both su\xe2\x80\xa6 https://t.co/6TdqHfOa5k',"San Francisco, CA"
26/02/19 22:35,1.10E+18,"b""\xf0\x9f\x93\xa3 Gizmo of the Week! \xf0\x9f\x93\xa3 It's flu season \xf0\x9f\xa4\xa7 so after you wash your hands, fire up your computer, and learn more about\xe2\x80\xa6 https://t.co/W9NOk3G5rf""",Phoenix
26/02/19 22:00,1.10E+18,b'This #fluseason make sure to get #vaccinated and wash your hands regularly - two of the most effective ways to avoi\xe2\x80\xa6 https://t.co/WVYf3Y3EQU',United States
26/02/19 20:46,1.10E+18,"b""It's Taffy of LIFE IS JUST A TAFFY PULL still hiding out at that sunny resort in the book.  My life here is so much\xe2\x80\xa6 https://t.co/sLUUcJ0Ucc""",Illinois
26/02/19 20:30,1.10E+18,"b""It's an excellent idea to clean your ceiling fans; otherwise, when you turn them on in the warmer weather, all that\xe2\x80\xa6 https://t.co/UH7EoznTix""",USA
26/02/19 20:27,1.10E+18,"b'I was so violently sick last night for 12 hours, I honestly thought god was doing an exorcist on me. Not pretty #FluSeason #FeelLikeDeath'","Tecumseh, Ontario"
26/02/19 19:12,1.10E+18,b'Flu breakthrough: Universal vaccine may be in sight. #fluseason\n(Va @mnt) \nhttps://t.co/2htUqQaZ5H',"Newbury Park, CA"
26/02/19 19:00,1.10E+18,"b'If you are sick, please stay home. Don\xe2\x80\x99t give the flu to others. \n\n#HealthyNOLA #FluSeason #CDCFlu\xe2\x80\xa6 https://t.co/MBmCNGVmYz'","New Orleans, LA"
26/02/19 19:00,1.10E+18,b'Big parades start rolling tomorrow. Get your flu shot today before going out. The shot is safe for anyone over the\xe2\x80\xa6 https://t.co/DzxovlqNk5',"New Orleans, LA"
26/02/19 18:17,1.10E+18,"b'Ada preparing her elderberry, peanut butter spoons, trying to keep us all healthy! @mmporkchop #oneteam  #fluseason https://t.co/PT2noH3ORG'","San Francisco, CA"
26/02/19 18:12,1.10E+18,"b'#FluTip: If you are at high risk for #flu complications, your #healthcareprovider can prescribe antiviral medicatio\xe2\x80\xa6 https://t.co/dDIS8P8I9r'","Las Vegas, Nevada"
26/02/19 18:03,1.10E+18,"b'Join Julia Piwoz, M.D., pediatric Infectious Diseases with NBC New York LIVE discussing the flu and ways to prevent\xe2\x80\xa6 https://t.co/rhGTBSzXFi'",Hackensack NJ
26/02/19 18:00,1.10E+18,"b'#FluTip: If you are at high risk for #flu complications, your #healthcareprovider can prescribe antiviral medicatio\xe2\x80\xa6 https://t.co/OvrLCVn9HS'","Las Vegas, Nevada"
26/02/19 17:49,1.10E+18,"b'CDC reported 7 more flu-related pediatric deaths last week, bringing the total to 41 for the 2018-19 #fluseason.\xe2\x80\xa6 https://t.co/bC7kFNZc9K'","Atlanta, GA"
26/02/19 16:17,1.10E+18,b'Anne Arundel Medical Center is experiencing an increase in flu cases and there are visitor restrictions in place.\xe2\x80\xa6 https://t.co/rGBK6dzsi9',"Annapolis, MD"
26/02/19 15:46,1.10E+18,"b'In case you\xe2\x80\x99re wondering how work is going, we practically just hotboxed our office with @Lysol #fluseason https://t.co/XKSAlglfOr'","Philadelphia, PA"
26/02/19 15:46,1.10E+18,"b""I'm too busy to deal with #flu. That's why I take on these natural, drug-free sources when #fluseason comes around\xe2\x80\xa6 https://t.co/YjaxdUnu89""","Los Angeles, CA"
26/02/19 15:39,1.10E+18,"b""The decision is real... \nThe quarrels from confinement are hardcore...\nHowever, the other option isn't very enticin\xe2\x80\xa6 https://t.co/o1qeoVCfgo""","Wisconsin, USA"
26/02/19 15:15,1.10E+18,"b'Health experts report that a more severe #flu strain accounts for nearly half of all new cases, and #fluseason coul\xe2\x80\xa6 https://t.co/bxBHTn2WNw'","Seattle, WA"
26/02/19 14:50,1.10E+18,b'Nothing more awkward than being in a stall next to someone strugglin\xe2\x80\x99 &amp; being suuuper audible about it \xf0\x9f\x92\xa9\xf0\x9f\x99\x89 #fluseason',"Indianapolis, IN"
26/02/19 8:24,1.10E+18,"b""According to new data by @CDCgov, this year's #flu vaccine is 47% effective, compared to the previous 2 years' rate\xe2\x80\xa6 https://t.co/SLuZTvHMIc""",United States
26/02/19 8:00,1.10E+18,b'#NEWS: Flu vaccine shown to keep illnesses at bay during this #FluSeason #health https://t.co/VjcYjMw5S2',San Francisco
26/02/19 7:30,1.10E+18,"b'Traveling is tiring, but getting sick while traveling, can ruin the trip. Here are 10 Ways to Avoid Getting Sick Wh\xe2\x80\xa6 https://t.co/NC5PyqGo75'",Earth
26/02/19 7:02,1.10E+18,b'I\xe2\x80\x99d give anything for the chocolatiest chocolate drink right now. #fluseason #notgood #butright',Purdue University
26/02/19 4:04,1.10E+18,"b'Traveling is tiring, but getting sick while traveling, can ruin the trip. Here are 10 Ways to Avoid Getting Sick Wh\xe2\x80\xa6 https://t.co/YO9ldDwr60'",United States
26/02/19 3:33,1.10E+18,b'I like to take NyQuil then announce to Nick that he has 15 minutes to get ready for bed #fluseason #sosick',Ohio
26/02/19 3:03,1.10E+18,b'#phenylephrine vs. #pseudoephedrine: You need a prescription for pseudoephedrine in #Oregon; I\xe2\x80\x99m not sure if other\xe2\x80\xa6 https://t.co/hiD3u9Ztej',"Bend, OR"
26/02/19 1:50,1.10E+18,"b'During most flu seasons, people aged 65+ years bear the greatest burden of severe flu disease. Take these actions t\xe2\x80\xa6 https://t.co/Y134KOWyhX'","Cleveland, Ohio"
26/02/19 1:22,1.10E+18,"b'#Fluseason 2019: Severe strain on the rise, what you should know https://t.co/EOAoGQEyVM'","Indianapolis, IN"
26/02/19 1:15,1.10E+18,"b'Is there evidence that requiring  healthcare workers to get an annual flu shot, in institutions with elderly reside\xe2\x80\xa6 https://t.co/ZNfCZOgysS'","Newport Beach, CA"
26/02/19 1:00,1.10E+18,"b'Does flu and cold season have you feeling under the weather lately? Cure the sick-day blues with a twist, try this\xe2\x80\xa6 https://t.co/ybEAtihQEY'","Santa Fe, NM"
